"recipeId","ingredient"
0,"1 (1-pound) bag Goya 16 Bean Soup Mix"
0,"2 tablespoons good olive oil, plus extra for serving"
0,"6 ounces pancetta, 1/4-inch-diced"
0,"1 large onion, chopped"
0,"1 tablespoon minced garlic (3 cloves)"
0,"1/2 teaspoon crushed red pepper flakes"
0,"1 (28-ounce) can crushed tomatoes, preferably San Marzano"
0,"1 cup dry red wine"
0,"4 to 6 cups good chicken stock, preferably homemade"
0,"Kosher salt and freshly ground black pepper"
0,"1 cup miniature pasta, such as ditalini or tubettini"
0,"1/2 cup freshly grated Italian Parmesan cheese, plus extra for serving"
0,"1 tablespoon good red wine vinegar"
0,"Julienned fresh basil leaves, for serving"
1,"1 (1-pound) bag 16 Bean Soup Mix"
1,"2 tablespoons good olive oil, plus extra for serving"
1,"6 ounces pancetta, 1/4-inch-diced"
1,"1 large onion, chopped"
1,"1 tablespoon minced garlic (3 cloves)"
1,"1/2 teaspoon crushed red pepper flakes"
1,"1 (28-ounce) can crushed tomatoes"
1,"1 cup dry red wine"
1,"4 to 6 cups good chicken stock, preferably homemade"
1,"Kosher salt and freshly ground black pepper"
1,"1 cup miniature pasta, such as ditalini or tubettini"
1,"1/2 cup freshly grated Italian Parmesan cheese, plus extra for serving"
1,"1 tablespoon good red wine vinegar"
1,"Julienned fresh basil leaves, for serving"
2,"2 cups all-purpose flour"
2,"1/2 teaspoon salt"
2,"6 ounces cold, unsalted butter, cut into cubes, plus butter for the pie tin"
2,"1/4 to 1/3 cup ice cold water"
2,"1 stick (8 tablespoons) unsalted butter"
2,"12 large apples such as Granny Smith, peeled, cored, and sliced into eighths (about 14 cups)"
2,"Juice of 2 lemons (about 1/4 cup)"
2,"1/4 cup loosely packed dark brown sugar"
2,"1/4 cup loosely packed light brown sugar"
2,"1/4 cup Southern Comfort"
2,"1 tablespoon ground cinnamon"
2,"1 large egg beaten with 2 tablespoons water"
3,"3 cups peeled, 1/2-inch-dice Idaho potatoes (about 2 pounds)"
3,"2 large onions, peeled and cut in 1/2-inch dice"
3,"1/4 cup vegetable oil"
3,"5 tablespoons unsalted butter"
3,"Salt and freshly ground black pepper to taste"
4,"Nonstick canola oil spray"
4,"1 pound marshmallow creme"
4,"4 tablespoons unsalted butter, melted and cooled"
4,"1/2 cup powdered sugar"
4,"1/3 cup miniature chocolate-covered candies, such as M and M's, plus more for garnish"
4,"2 tablespoons bourbon"
4,"1 teaspoon vermouth"
4,"1 teaspoon grenadine"
4,"24 whole graham crackers, each broken carefully in half"
4,"80 stackable marshmallows (2 bags)"
4,"Six 4-ounce bars high-quality semisweet chocolate, chopped"
4,"Optional serving suggestions: Manhattan's (for the adults) or chocolate milk (for the kids)"
5,"1 package (13.5 ounces) Johnsonville Andouille Dinner Sausage, cut into ¼ -inch slices"
5,"8 ounces raw shrimp, peeled and deveined or 8 ounces boneless, skinless chicken breast, cut into 1-inch pieces"
5,"2 teaspoons Cajun Creole seasoning"
5,"1 teaspoons olive oil"
5,"1 box (8 ounces) Jambalaya rice mix"
5,"1 can (14.5 ounces) diced tomatoes, drained and divided"
5,"1 teaspoon Worcestershire sauce"
5,"1 teaspoon hot pepper sauce"
5,"2 tablespoons chopped fresh parsley"
6,"1 (15-ounce) container ricotta"
6,"1 cup grated Parmesan"
6,"2 large eggs"
6,"2 pounds ground beef"
6,"1 pound grated Mozzarella"
6,"5 cups Basic Red Sauce, recipe follows"
6,"1/2 teaspoon Essence, recipe follows"
6,"1/4 teaspoon ground black pepper"
6,"1/2 teaspoon salt"
6,"12 dried (uncooked) lasagna noodles"
6,"2 teaspoons chopped fresh parsley"
6,"1 teaspoon dried basil"
6,"1/2 teaspoon salt"
6,"2 (28-ounce) cans whole peeled tomatoes"
6,"2 tablespoons olive oil"
6,"Basic Red Sauce:"
6,"1/2 teaspoon dried basil"
6,"1 1/2 cups chopped yellow onions (1 medium yellow onion)"
6,"1 teaspoon minced garlic (about 2 cloves garlic)"
6,"1/2 teaspoon dried oregano"
6,"1/8 teaspoon ground black pepper"
6,"2 (15-ounce) cans tomato sauce"
6,"3 tablespoons tomato paste"
6,"2 cups water"
6,"1 teaspoon sugar"
6,"2 1/2 tablespoons paprika"
6,"2 tablespoons salt"
6,"2 tablespoons garlic powder"
6,"1 tablespoon black pepper"
6,"1 tablespoon onion powder"
6,"1 tablespoon cayenne pepper"
6,"1 tablespoon dried leaf oregano"
6,"1 tablespoon dried thyme"
7,"1 (16-ounce) container store-bought hummus (about 2 cups)"
7,"2 tablespoons TABASCO® brand Chipotle Pepper Sauce"
7,"Pita chips or raw vegetables"
8,"3 Golden Delicious apples, peeled, cored, and quartered"
8,"3 Fuji apples, peeled, cored, and quartered"
8,"1 cup unfiltered apple juice"
8,"2 tablespoons cognac or brandy"
8,"2 tablespoons butter"
8,"3 tablespoons honey"
8,"1/2 teaspoon ground cinnamon"
9,"3 Golden Delicious apples, peeled, cored, and quartered"
9,"3 Fuji apples, peeled, cored, and quartered"
9,"1 cup unfiltered apple juice"
9,"2 tablespoons cognac or brandy"
9,"2 tablespoons butter"
9,"3 tablespoons honey"
9,"1/2 teaspoon ground cinnamon"
10,"1 box vanilla or lemon flavor instant pudding mix"
10,"1 orange, zested"
10,"1/2 cup seedless raspberry or blackberry preserves"
10,"1 prepared graham cracker crust, found on baking aisle"
10,"1/2 pint raspberries"
10,"1/2 pint blackberries or blueberries, your preference"
10,"6 large strawberries, sliced"
10,"2 tablespoons chopped fresh mint, optional"
11,"1 cup mayonnaise"
11,"3 tablespoons mustard, preferably Dijon"
11,"1/3 cup chili sauce"
11,"3 tablespoons capers, drained"
11,"1/3 cup piquante peppers, preferably Peppadews, seeded and diced"
11,"1 large hard-boiled egg, finely chopped"
11,"3 tablespoons finely chopped dill pickles"
11,"2 tablespoons finely chopped green onions"
11,"1/2 teaspoon kosher salt"
11,"1/2 teaspoon freshly cracked black pepper"
11,"2 small beets or 1 large"
11,"Olive oil, for roasting beets"
11,"Kosher salt and freshly cracked pepper"
11,"3/4 cup diced bacon"
11,"1 head iceberg lettuce, cut into 2-inch chunks"
11,"1 head red leaf lettuce, cut into 2-inch chunks"
11,"2 avocados, halved, pitted, peeled and sliced"
11,"1 red onion, thinly sliced"
11,"1 1/2 cups grape tomatoes"
11,"3 hard-boiled eggs, chopped"
11,"1 English cucumber, peeled, seeded and thinly sliced"
12,"2 Tbsp. olive oil"
12,"1 Tbsp. finely chopped garlic"
12,"1/8 to 1/4 tsp. crushed red pepper flakes"
12,"1 jar Bertolli® Tomato & Basil Sauce"
12,"1 box (16 oz.) linguine, cooked and drained"
13,"2 slices seeded rye bread"
13,"1/4 cup sour cream"
13,"3 tablespoons horseradish"
13,"2 tablespoons mayonnaise"
13,"2 teaspoons Dijon mustard"
13,"Kosher salt and freshly ground black pepper"
13,"One 5-ounce package baby spinach (about 4 cups)"
13,"3 cups coleslaw mix (about 7 ounces)"
13,"4 ounces dill Havarti cheese, cut into 1/2-inch cubes"
13,"1/2 pound thinly-sliced rare deli roast beef"
13,"3/4 cup sliced and drained pickled beets"
14,"4 cups low-sodium chicken broth"
14,"Three 3-ounce packages ramen noodles (flavor packets discarded)"
14,"One 5-ounce package baby spinach (about 4 cups)"
14,"2 cups leftover shredded rotisserie chicken"
14,"2 cups kimchi"
14,"1 1/2 cups frozen corn kernels"
14,"2 tablespoons low-sodium soy sauce"
14,"3 scallions"
14,"4 sheets toasted seaweed snack"
15,"1/2 cup sour cream"
15,"1 English cucumber roughly chopped (about 8 ounces)"
15,"1 small clove garlic, grated"
15,"1 scallion, thinly sliced, white and green parts separated"
15,"1 scallion, thinly sliced, white and green parts separated"
15,"Fine salt"
15,"1 medium green tomato, roughly chopped (about 8 ounces)"
15,"1/3 cup extra-virgin olive oil, plus more for drizzling"
15,"One 15-ounce can cannellini beans, strained and rinsed"
15,"Freshly ground black pepper"
15,"Four 8-inch flour tortillas"
15,"6 slices smoked gouda cheese (about 6 ounces)"
15,"Sliced pickled jalapenos, for serving"
16,"Two 15-ounce cans white beans, rinsed and drained"
16,"1/2 pound sliced deli meat, such as ham or turkey"
16,"10 cups baby kale (about 5 ounces)"
16,"3/4 cup dried cranberries"
16,"2 ounces Manchego cheese"
16,"Dinner rolls, for serving"
16,"1/2 cup sliced almonds"
16,"1/4 cup red wine vinegar"
16,"2 tablespoons Dijon mustard"
16,"Kosher salt and freshly ground black pepper"
16,"1/3 cup extra-virgin olive oil"
16,"Toast the almonds in a medium skillet over medium heat, stirring occasionally, until light brown in spots, about 3 minutes."
17,"8 ounces semi-sweet chocolate"
17,"1/2 cup refined coconut oil (see Cook's Note)"
17,"1/4 teaspoon pure vanilla extract, optional"
17,"2 round cardboard pints of your favorite ice cream"
18,"1/2 cup dry white wine"
18,"2 sprigs fresh rosemary, each about 6 inches long"
18,"2 sprigs fresh thyme"
18,"2 1/2 cups low-sodium chicken or vegetable broth"
18,"Two 15-ounce cans of cannellini or other white beans, strained and rinsed"
18,"1 small shallot, peeled, trimmed and halved"
18,"1 small garlic clove, peeled, trimmed and halved"
18,"1 tablespoon olive oil"
18,"1 tablespoon unsalted butter"
18,"Kosher salt and freshly ground black pepper"
18,"4 slices crusty sourdough bread (each about 1-inch thick; 8 ounces total),"
18,"3/4 cup shredded part-skim mozzarella cheese"
18,"2 plum tomatoes, seeded and chopped (about 1 cup)"
18,"1/4 cup grated Parmesan"
19,"1 package thin crust prepared pizza shell or prepared focaccia, 16 ounces"
19,"Extra-virgin olive oil, for drizzling"
19,"3 large cloves garlic, minced"
19,"1 cup shredded mozzarella (found in dairy aisle)"
19,"1 cup shredded provolone (found in dairy aisle)"
19,"1/4 cup grated Parmigiano Reggiano or Romano (a handful)"
19,"1 (15-ounce) can artichoke hearts in water, drained and thinly sliced"
19,"1/4 cup chopped parsley"
20,"5 1/4 ounces all-purpose vegetable shortening"
20,"8 1/4 ounces unbleached pastry flour"
20,"1/4 cup plus 2 tablespoons cold tap water"
20,"Salt"
20,"9 ounces 1/2-inch diced potato"
20,"1 pound ground beef"
20,"9 ounces finely ground pork"
20,"9 ounces 1/4-inch diced onion"
20,"1 7/8 teaspoons beef soup base, prepared according to package instructions"
20,"3 tablespoons, plus 1 1/2 teaspoons instant potato powder"
20,"3/8 teaspoon ground cinnamon"
20,"1/4 teaspoon ground nutmeg"
20,"1/4 teaspoon granulated garlic"
20,"1/4 teaspoon ground black pepper"
20,"Egg wash, for topping"
21,"Nonstick cooking spray"
21,"2 teaspoons olive oil"
21,"6 ounces ham steak, cut in 1/4-inch dice (about 1 1/2 cups)"
21,"1 1/2 cups 1/8-inch-thick slices red onion"
21,"6 whole large eggs"
21,"4 large egg whites"
21,"3/4 cup shredded reduced-fat sharp Cheddar"
21,"1/4 teaspoon kosher salt"
21,"1/4 teaspoon dried thyme leaves"
22,"1 (3 1/2-pound) beef tenderloin, cleaned and tied with thin strips of bacon, at room temperature"
22,"3/4 pound button mushrooms, chopped fine"
22,"2 1/2 tablespoons unsalted butter"
22,"Salt"
22,"Pepper"
22,"1/2 cup heavy cream"
22,"1/2 pound pate de foie gras, (available at specialty foods shops) at room temperature"
22,"1 pound frozen puff pastry, thawed, plus additional for garnish, if desired"
22,"1 large egg, separated"
22,"1 teaspoon water"
22,"1/2 cup Sercial Madeira"
22,"2 teaspoons arrowroot dissolved in 1 teaspoon cold water"
22,"1/2 cup beef broth"
22,"2 tablespoons finely chopped black truffles (available at specialty food shops) if desired"
22,"Watercress, for garnish if desired"
23,"5 or 6 boneless, skinless chicken breasts (about 2 pounds)"
23,"2 tablespoons vegetable oil"
23,"1/2 teaspoon dried basil"
23,"1/2 teaspoon dried oregano"
23,"1/4 teaspoon granulated garlic"
23,"Kosher salt and freshly ground black pepper"
23,"Olive oil"
23,"1 medium yellow onion, sliced"
23,"1/4 teaspoon dried thyme"
23,"2 cups sliced button mushrooms"
23,"1 cup mayonnaise"
23,"1 chipotle chile in adobo, plus 1/4 teaspoon sauce from the can"
23,"4 loaves crusty French bread, split and toasted"
23,"8 slices provolone cheese"
24,"Nonstick cooking spray, for the cake pan"
24,"One 6-ounce carton vanilla yogurt (reserve the carton for measuring other ingredients)"
24,"One 6-ounce carton vegetable oil"
24,"One 6-ounce carton granulated sugar"
24,"2 large eggs, at room temperature"
24,"Two 6-ounce cartons cake flour"
24,"One 6-ounce carton unsweetened cocoa"
24,"1 1/2 teaspoons vanilla extract"
24,"1/2 teaspoon baking soda"
24,"1/2 teaspoon baking powder"
24,"One 6-ounce carton milk"
24,"One 6-ounce carton mini semisweet chocolate chips"
24,"Two 6-ounce cartons confectioners' sugar"
24,"1 1/2 sticks (12 tablespoons) salted butter, softened"
24,"1/2 teaspoon vanilla extract"
24,"One 6-ounce carton mini semisweet chocolate chips"
25,"3 tablespoons creamy peanut butter"
25,"2 tablespoons brown sugar"
25,"1 tablespoon soy sauce"
25,"Squirt of sriracha, plus more if needed"
25,"1 lime, zested and juiced, plus more lime juice, if needed"
25,"For serving: red leaf lettuce, romaine, mandarin oranges and crispy wonton noodles"
26,"1/2 pound butter, melted"
26,"1/2 cup crushed graham crackers"
26,"1/2 cup crushed vanilla wafers"
26,"1/2 cup crushed chocolate graham crackers"
26,"1/2 cup shredded sweetened coconut"
26,"1/2 cup oats"
26,"1/2 cup peanut butter chips"
26,"1/2 cup butterscotch chips"
26,"1/2 cup chocolate chips"
26,"1/2 cup chopped pecans"
26,"1/2 cup chopped walnuts"
26,"1/2 cup chopped hazelnuts"
26,"4-ounces cream cheese, softened"
26,"1 (8-ounce) can sweetened condensed milk"
27,"½ tablespoon butter"
27,"15 small stalks fresh asparagus, chopped into 1-inch pieces"
27,"4 eggs, whisked in a bowl"
27,"4 corn tortillas"
27,"½ avocado cut into 4 slices"
28,"2-inch piece ginger"
28,"1/3 cup extra-virgin olive oil"
28,"1/3 cup rice wine vinegar"
28,"3 tablespoons soy sauce"
28,"4 teaspoons toasted sesame oil"
28,"Kosher salt and freshly ground black pepper"
28,"6 ounces shiitake mushrooms (about 4 cups), stems removed"
28,"2 scallions"
28,"1 cup frozen shelled edamame, thawed"
28,"4 cups store-bought pre-cooked or leftover brown rice"
28,"2 breasts from a rotisserie chicken"
28,"1 cup shredded carrots"
28,"5 ounces baby arugula"
29,"2 jarred roasted red bell peppers"
29,"8 tostada shells"
29,"1 cup salsa verde"
29,"1 cup shredded Mexican blend cheese"
29,"Nonstick cooking spray"
29,"8 large eggs"
29,"Kosher salt"
29,"One 16-ounce can refried black beans"
29,"1 ripe avocado"
30,"One 12-ounce bag broccoli florets"
30,"2 tablespoons extra-virgin olive oil"
30,"Kosher salt and freshly ground black pepper"
30,"2 scallions"
30,"1 medium lemon"
30,"1/4 cup mayonnaise"
30,"2 tablespoons Dijon mustard"
30,"Four 6-ounce center-cut skinless salmon fillets"
31,"1 1/2 cups whole milk"
31,"Kosher salt"
31,"6 tablespoons extra-virgin olive oil"
31,"1/2 pound mild Italian sausage, casings removed"
31,"1 small yellow onion"
31,"1 1/2 cups baby carrots"
31,"2 cloves garlic"
31,"1 cup quick-cooking polenta"
31,"2 tablespoons unsalted butter"
31,"1 1/2 cups shredded Italian cheese blend"
31,"One 28-ounce can diced tomatoes"
31,"Pinch crushed red pepper flakes, or more to taste"
31,"6 cups spring greens mix"
31,"1 small lemon"
32,"Kosher salt and freshly ground black pepper"
32,"1 cup all-purpose flour"
32,"4 chicken cutlets (about 4 ounces each)"
32,"1/4 cup extra-virgin olive oil"
32,"1/2 bunch fresh flat-leaf parsley"
32,"8 ounces angel hair pasta"
32,"9 ounces frozen artichoke hearts, thawed"
32,"2 tablespoons capers in brine"
32,"1/2 cup dry white wine"
32,"1/2 cup chicken stock"
32,"4 tablespoons unsalted butter"
33,"3 cups store-bought frozen precooked or leftover brown rice"
33,"1/2 cup 2 percent Greek yogurt"
33,"2 tablespoons olive oil"
33,"1 teaspoon lemon zest, plus 2 tablespoons lemon juice"
33,"1 tablespoon mayonnaise"
33,"1 small shallot, roughly chopped"
33,"1 small clove garlic, roughly chopped"
33,"Kosher salt and freshly ground black pepper"
33,"1/2 cup walnut pieces"
33,"1/2 rotisserie chicken, skin removed and meat shredded (about 3 cups)"
33,"2 cups small seedless red grapes"
33,"1/2 cup loosely packed flat-leaf parsley leaves"
33,"4 cups loosely packed baby spinach"
34,"1 1/2 pounds skirt steak"
34,"3 tablespoons canola oil"
34,"Kosher salt and freshly ground black pepper"
34,"1/4 cup store-bought basil pesto"
34,"4 tablespoons unsalted butter, softened"
34,"1 pound thin asparagus (see Cook's Note)"
35,"1 small yellow onion"
35,"2 tablespoons canola oil"
35,"Kosher salt"
35,"2 cloves garlic"
35,"2 tablespoons tomato paste"
35,"1 1/2 teaspoons curry powder"
35,"1 1/2 teaspoons garam masala"
35,"1 1/2 cups chicken stock"
35,"1 pound chicken tenders"
35,"1 cup frozen peas, thawed"
35,"1/2 cup full-fat plain Greek yogurt"
35,"4 pieces naan bread, warmed"
36,"1 shallot"
36,"1 pound meat loaf mix or ground beef"
36,"1/2 cup plain breadcrumbs"
36,"1/3 cup ketchup"
36,"1 large egg, lightly beaten"
36,"1 tablespoon Worcestershire sauce"
36,"Kosher salt and freshly ground black pepper"
36,"4 slices provolone or Swiss cheese"
36,"1-pound bag frozen cut green beans"
36,"2 tablespoons unsalted butter"
36,"4 potato hamburger buns, split"
36,"3 tablespoons mayonnaise"
36,"4 lettuce leaves"
37,"1 pound medium (26/30) peeled and deveined shrimp, tails removed"
37,"2 teaspoons chili powder"
37,"Kosher salt"
37,"2 tablespoons canola oil"
37,"4 scallions, thinly sliced"
37,"One 15-ounce can black beans, drained and rinsed well"
37,"1/3 cup prepared chipotle mayonnaise"
37,"2 limes, 1 zested and juiced and 1 cut into wedges"
37,"One 14-ounce bag store-bought coleslaw mix (about 6 cups)"
37,"1 bunch fresh cilantro, leaves and soft stems roughly chopped"
37,"Sour cream or Mexican crema, for serving"
37,"8 corn tortillas, warmed"
38,"1 pound skirt steak"
38,"1 tablespoon chili powder"
38,"1/2 teaspoon dried oregano"
38,"1/4 teaspoon sugar"
38,"Kosher salt and freshly ground black pepper"
38,"Eight 6-inch corn tortillas"
38,"1 tablespoon vegetable oil"
38,"1 medium red onion, halved and cut into 1/4-inch-thick slices"
38,"Sour cream, guacamole, salsa verde, pico de gallo and shredded Mexican-blend cheese, for serving"
39,"4 cups frozen cooked brown rice"
39,"1-inch piece ginger"
39,"1/4 cup low-sodium soy sauce"
39,"1 to 2 tablespoons garlic chili sauce"
39,"1 tablespoon toasted sesame oil"
39,"12 ounces baked tofu"
39,"3 tablespoons canola oil"
39,"One 3.5-ounce package sliced shiitake mushrooms (about 2 cups)"
39,"One 1-pound package fresh stir-fry vegetable mix (not frozen)"
39,"Kosher salt"
39,"1/2 cup roasted and salted cashew halves and pieces"
40,"Kosher salt"
40,"2 quarts low-sodium chicken stock"
40,"2 tablespoons olive oil"
40,"1 1/2 pounds boneless, skinless chicken breasts, cut into 1/2- to 1-inch pieces"
40,"Freshly ground black pepper"
40,"8 ounces ditalini pasta"
40,"2 stalks celery, finely diced"
40,"1 yellow bell pepper, finely diced"
40,"1 onion, finely diced"
40,"1 carrot, finely diced"
40,"1 zucchini, diced"
40,"1 teaspoon red pepper flakes"
40,"One 28-ounce can diced tomatoes, with the juice"
40,"One 15-ounce can white beans, drained and rinsed"
40,"One 15-ounce can kidney beans, drained and rinsed"
40,"1 teaspoon dried basil"
40,"1 teaspoon dried oregano"
40,"Chopped fresh parsley, for serving"
40,"Jarred pesto, for serving"
40,"Grated Parmesan, for serving"
41,"1/2 cup extra-virgin olive oil"
41,"1/4 cup red wine vinegar"
41,"1 teaspoon sugar"
41,"1 teaspoon dried oregano"
41,"1/2 teaspoon red pepper flakes"
41,"Kosher salt and freshly ground black pepper"
41,"2 boneless, skinless chicken breasts, cut into strips"
41,"1 English cucumber, peeled, seeded and sliced"
41,"1 pint cherry tomatoes, sliced in half"
41,"1/2 red onion, finely sliced"
41,"4 ounces feta cheese, cut into cubes"
41,"1 cup kalamata olives, for serving"
41,"4 pita breads, for serving"
41,"Roasted Red Pepper Hummus, recipe follows"
41,"Three 14.5-ounce cans chickpeas, rinsed and drained"
41,"1/3 cup plus 1 tablespoon tahini"
41,"1/2 teaspoon ground cumin, or more to taste"
41,"3 cloves garlic, chopped, or more to taste"
41,"2 jarred roasted red peppers"
41,"1/2 lemon, juiced"
41,"Kosher salt"
41,"1 tablespoon olive oil"
42,"1 pound ground veal (preferably naturally-raised)"
42,"1 pound ground pork (preferably naturally-raised Berkshire)"
42,"1 pound ground beef (preferably naturally-raised)"
42,"1 tablespoon chopped, fresh chives, plus 1 teaspoon for the sauce"
42,"1 tablespoon chopped, fresh thyme leaves, plus 1 teaspoon for the sauce"
42,"1 tablespoon chopped, fresh Italian parsley, plus 1 teaspoon for the sauce"
42,"3 large eggs (preferably organic)"
42,"1 1/3 cups finely ground Panko"
42,"2/3 cup whole milk (preferably hormone- and antibiotic-free)"
42,"2 tablespoon kosher salt"
42,"1 tablespoon freshly ground black pepper"
42,"Olive oil"
42,"2 stalks of celery, finely diced"
42,"1 large Spanish onion, finely diced"
42,"2 cups chicken or beef stock"
42,"8 to 10 cloves roasted garlic"
42,"3 tablespoons butter, at room temperature"
43,"2 tablespoons good olive oil"
43,"2 cups chopped Spanish onion (1 large)"
43,"1 1/2 cups small-diced celery (2 stalks)"
43,"1 pound ground beef"
43,"1 pound ground veal"
43,"1 pound ground pork"
43,"1 tablespoon chopped fresh flat-leaf parsley"
43,"1 tablespoon chopped fresh thyme leaves"
43,"1 tablespoon chopped fresh chives"
43,"3 extra-large eggs, lightly beaten"
43,"2/3 cup whole milk"
43,"2 tablespoons kosher salt"
43,"1 tablespoon freshly ground black pepper"
43,"2 1/2 cups panko (Japanese bread flakes)"
43,"Garlic Sauce, recipe follows"
43,"3/4 cup good olive oil"
43,"10 garlic cloves, peeled"
43,"2 cups chicken stock, preferably homemade"
43,"3 tablespoons unsalted butter, at room temperature"
43,"Kosher salt and freshly ground black pepper"
44,"Yeast dough, for crust homemade or store bought"
44,"4 cups diced onions"
44,"3 tablespoons butter or safflower oil"
44,"2/3 cup diced slab bacon"
44,"4 large eggs"
44,"1 cup sour cream or yogurt"
44,"1 teaspoon caraway seeds"
44,"1 pound yellow peas"
44,"1/2 pound salt pork or ham bone"
44,"2 3/4 quarts water"
44,"3 onions"
44,"2 carrots, diced into small cubes"
44,"2 to 3 bay leaves"
44,"1 teaspoon savory"
44,"Salt and pepper"
45,"1/2 head iceberg lettuce, shredded"
45,"2 ripe tomatoes, cut in eighths"
45,"2 stalks celery, sliced"
45,"1/2 cup Swiss cheese, cut in julienne strips"
45,"1/2 cup ham, cut in julienne strips (or turkey or shrimp)"
45,"1/4 cup green Spanish olives, pitted"
45,"4 cloves garlic, minced"
45,"1 teaspoon oregano"
45,"1 teaspoon Worcestershire sauce"
45,"1/2 cup extra-virgin Spanish olive oil"
45,"1/8 cup white wine vinegar"
45,"2 teaspoons lemon juice"
45,"Salt and pepper, to taste"
45,"2 teaspoons grated Romano"
46,"2 cups of your favorite pancake mix"
46,"1/4 cup buckwheat pancake mix"
46,"1 1/4 cups water"
46,"1 Granny Smith apple, diced"
46,"Butter and maple syrup"
47,"1/2 cup brandy"
47,"6 nectarines, skin left on, halved, pit removed"
47,"1 tablespoon sugar, to flambe"
47,"1/2 cup milk"
47,"1/2 cup heavy cream"
47,"1 vanilla pod or 3 teaspoons vanilla extract"
47,"1 tablespoon lemon liqueur or 3 teaspoons lemon extract (recommended: Limoncello)"
47,"1/4 cup sugar, for lemon cream"
47,"4 egg yolks"
47,"1 tablespoon finely grated lemon zest"
47,"1 pint blackberries"
48,"1 pint silken tofu"
48,"1/2 small shallot, minced"
48,"1 teaspoon curry powder, or to taste"
48,"Dash hot pepper sauce"
48,"Pita chips as an accompaniment"
49,"16 new red potatoes"
49,"Coarse salt, for boiling water"
49,"1 red bell pepper, seeded and chopped"
49,"1/2 red onion, chopped"
49,"1/4 cup chopped fresh mint, a couple of handfuls"
49,"1/4 cup chopped flat-leaf parsley, a couple of handfuls"
49,"3 tablespoons red wine vinegar, eyeball the amount"
49,"1/3 cup extra virgin olive oil, eyeball the amount"
49,"Salt and freshly ground black pepper"
49,"1/2 pound fresh green beans, washed and cut into 1/3"
49,"2 rounded teaspoons Dijon mustard"
49,"2 teaspoons sugar"
49,"1/4 cup red wine vinegar, eyeball the amount"
49,"1/2 cup extra-virgin olive oil, eyeball the amount"
49,"1 (15-ounce) cans red kidney beans, rinsed and drained"
49,"1 (15-ounce) can garbanzo beans, rinsed and drained"
49,"1/4 cup flat-leaf parsley, chopped"
49,"Salt and freshly ground black pepper"
50,"1 thick baguette, about 22-inches long, end trimmed, loaf angle cut into 36 1/2-inch slices"
50,"1/3 cup olive oil"
50,"2 large ripe tomatoes, about 1 pound total, trimmed, seeded and diced (1/4-inch)"
50,"1/4 cup finely chopped fresh basil"
50,"2 tablespoons drained small (nonpareil) capers"
50,"1 tablespoon cold pressed extra virgin olive oil"
50,"1 tablespoon minced lemon zest"
50,"2 garlic cloves, peeled and crushed through a press"
50,"Salt and freshly ground pepper"
50,"2 large ripe yellow tomatoes, (1 pound), trimmed, seeded and diced (1/4-inch)"
50,"3 ounces smoked mozzarella, diced (1/4-inch), at room temperature"
50,"1/4 cup chopped drained pimento stuffed green olives"
50,"1/4 cup chopped fennel bulb"
50,"1/4 cup finely chopped fresh basil"
50,"1 tablespoon cold pressed extra virgin olive oil"
50,"2 garlic cloves, peeled and crushed through a press"
50,"Salt and freshly ground black pepper"
51,"2 cups chopped napa cabbage"
51,"1/2 tablespoon salt"
51,"1/2 pound ground pork (Don't get lean pork, the fat is good for juicy and flavorful dumplings)"
51,"2 tablespoons minced ginger"
51,"1 1/2 tablespoons minced garlic"
51,"2 tablespoons thin soy sauce"
51,"3 tablespoons sesame oil"
51,"1 egg"
51,"1 to 2 cups chicken stock or water"
51,"4 cups all-purpose flour"
51,"1/2 teaspoon salt"
51,"1 1/2 to 1 3/4 cups boiling water"
52,"8-ounce pack spicy sausage (recommended: Bob Evans)"
52,"2 cups canola oil, plus 1/4 cup"
52,"1 cup all-purpose flour, divided"
52,"3 cups chicken stock"
52,"1 (6-ounce) box chicken flavored bread stuffing mix (made according to package instructions)"
52,"1 tablespoon chopped parsley leaves, plus more for garnish"
52,"1 tablespoon chopped thyme leaves"
52,"2 tablespoons chopped scallions"
53,"2 1/2 pounds baby red potatoes"
53,"3 tablespoons olive oil"
53,"1 teaspoon dried oregano, crumbled"
53,"1 teaspoon salt"
53,"1 teaspoon freshly ground black pepper"
53,"1 pound chorizo"
53,"1 lime, quartered"
53,"1 recipe Avocado Salsa"
54,"3 boxes (18.25 ounces each) lemon cake mix"
54,"3 3/4 cups grape juice"
54,"1 (1-ounce) bottle Champagne extract*"
54,"3 containers (12 ounces each) fluffy white or lemon frosting"
54,"1 jar raspberry jam"
54,"1 1/3 cups lemon curd, stirred to loosen"
54,"Several bunches mini green grapes"
54,"Powdered sugar"
54,"1 (14-inch diameter) round cake pan with-3-inch high sides"
54,"1 (10-inch diameter) round cake pan with 3- inch high sides"
54,"1 (6-inch diameter) round cake pan with 3-inch high sides"
54,"3 cardboard cake rounds (1 (14-inch), 1 (10-inch) and 1 (6-inch))"
54,"3/8-inch diameter plastic dowel rods"
54,"Parchment paper"
55,"2 dozen eggs"
55,"2 (1 1/4 pound) lobsters, steamed, shelled, and chopped"
55,"1 tablespoon of mustard"
55,"3 shallots"
55,"2 tablespoons of mayonnaise"
55,"2 tablespoons of capers"
55,"1 bunch of minced chives"
56,"1 cup plus 2 tablespoons milk"
56,"2 large eggs"
56,"1 large egg yolk"
56,"1 cup all purpose flour"
56,"1 teaspoon salt"
56,"Freshly ground black pepper to taste"
56,"3/4 cup vegetable oil"
56,"3/4 cup sour cream"
56,"1 tablespoon plus 1 teaspoon drained bottled horseradish"
56,"1 teaspoon chopped fresh flat-leafed parsley leaves, (wash and dry before chopping)"
56,"1/2 pound cooked rare roast beef, sliced 3/8-inch thick and slices cut into 1-inch pieces"
56,"36 small fresh flat-leafed parsley leaves"
57,"6 shallots, peeled and sliced"
57,"3/4 cup red wine vinegar"
57,"36 fresh oysters"
58,"4 tablespoons Worcestershire sauce"
58,"2 tablespoons canola oil"
58,"1 tablespoons garlic oil"
58,"1 tablespoon oriental dry hot mustard"
58,"1 tablespoon salt"
58,"1 teaspoon black peppercorns"
58,"20 cloves garlic"
58,"2 (1 1/2-pound) cuts beef brisket"
58,"6 (1/2-inch) thick onion slices"
58,"2 cups beef broth (approximate)"
58,"2 cups Merlot red wine (approximate)"
58,"1 cup baby carrots"
58,"1 stalk celery, chopped"
59,"2-1 1/2 pound cornish game hens"
59,"6 tablespoons softened butter"
59,"8 fresh sage leaves"
59,"2 teaspoons grated lemon zest"
59,"40 cloves of garlic"
59,"!/2 cup white wine"
59,"1 cup chicken stock"
59,"2 tablespoons arrowroot"
59,"2 tablespoons water"
60,"2 to 1 1/2 pound cornish game hens"
60,"6 tablespoons softened butter"
60,"8 fresh sage leaves"
60,"2 teaspoons grated lemon zest"
60,"40 cloves of garlic"
60,"1/2 cup white wine"
60,"1 cup chicken stock"
60,"2 tablespoons arrowroot"
60,"2 tablespoons water"
61,"8 ounces uncooked spaghetti"
61,"1 tablespoon olive oil"
61,"1 small yellow onion, chopped fine"
61,"2 cooked burgers (3 ounces each), crumbled"
61,"One 28-ounce can crushed or pureed tomatoes"
61,"1 tablespoon butter, optional"
61,"Salt and pepper, to taste"
61,"6 large, fresh basil leaves, torn"
62,"1 head escarole (about 1 pound)"
62,"2 tablespoons red wine vinegar"
62,"Pinch of crushed red pepper"
62,"Kosher salt and freshly ground black pepper"
62,"1/4 cup extra-virgin olive oil, plus 1 teaspoon, plus 3 tablespoons , plus more for drizzling"
62,"1/4 cup golden raisins"
62,"1/4 cup panko"
62,"1/4 cup sliced almonds"
62,"1 1/2 pounds thin chicken breast cutlets"
63,"1 teaspoon unsalted butter"
63,"Kosher salt"
63,"1 1/4 cups couscous"
63,"1 cup loosely packed dill fronds, chopped"
63,"8 boneless, skinless chicken thighs, trimmed"
63,"1 cup grape tomatoes, each pierced halfway through with a paring knife"
63,"Zest of 2 lemons, plus juice of 3 lemons, plus 1 medium lemon, cut into 4 wedges"
63,"2 tablespoons olive oil"
63,"1/2 teaspoon dried oregano"
63,"Freshly ground black pepper"
63,"2 medium Persian cucumbers, quartered and cut into 1/2-inch chunks"
63,"1/2 cup 2 percent Greek yogurt"
64,"3 tablespoons olive oil"
64,"One 12.84-ounce box frozen mini potato-cheese pierogies"
64,"1/2 pound sweet Italian sausage (about 3 links)"
64,"2 cloves garlic, smashed and roughly chopped"
64,"Pinch red pepper flakes"
64,"1 pound frozen broccoli spears, thawed (split any spears that are very large)"
64,"1 cup low-sodium chicken broth"
64,"2 tablespoons grated Parmesan, plus more for serving"
65,"8 ounces whipped cream cheese, at room temperature"
65,"Zest and juice of 1 small lemon"
65,"1/4 cup fresh dill, roughly chopped, plus more fronds for garnish"
65,"Kosher salt and freshly ground black pepper"
65,"1 pound frozen pizza dough, thawed"
65,"All-purpose flour, for sprinkling"
65,"1/4 cup extra-virgin olive oil, plus more for oiling the grill grates"
65,"1/2 pound smoked salmon, thinly sliced"
65,"1 Persian cucumber, very-thinly sliced"
65,"2 radishes, very-thinly sliced"
65,"5 ounces mesclun mix"
66,"One 15.5-ounce can low-sodium black beans, drained and rinsed"
66,"2 tablespoons hoisin sauce"
66,"1/4 teaspoon red pepper flakes"
66,"2 cloves garlic, crushed"
66,"4 cups medium broccoli florets (about 8 ounces)"
66,"Four 5-ounce salmon fillets, skin removed"
66,"Juice of 1/2 lemon"
66,"2 tablespoons roughly chopped fresh cilantro, optional"
66,"Kosher salt"
67,"1 cup whole wheat couscous"
67,"1/4 cup dried apricots, chopped (or golden raisins)"
67,"2 tablespoons olive oil"
67,"1/2 cup 2-percent plain Greek yogurt"
67,"1 tablespoon prepared hummus"
67,"2 tablespoons chopped fresh mint or dill"
67,"Kosher salt"
67,"1 1/4 pounds medium shrimp, peeled and deveined, tails removed"
67,"1 cup cherry tomatoes, halved"
67,"1/4 to 1/2 teaspoon hot paprika"
67,"Juice of 1/2 lemon"
68,"3/4 cup instant grits"
68,"Kosher salt and freshly ground black pepper"
68,"5 tablespoons unsalted butter"
68,"2 tablespoons grated Parmesan"
68,"1 1/4 pounds large peeled, deveined shrimp"
68,"2 tablespoons olive oil"
68,"1/2 cup dry white wine"
68,"6 ounces frozen peas (about 1 1/2 cups)"
68,"1 cup grape tomatoes, halved"
68,"4 scallions, sliced"
69,"2 stalks celery, finely chopped"
69,"3 tablespoons butter, divided"
69,"2 pounds ground sirloin"
69,"1/4 cup bread crumbs"
69,"1 (1-ounce) packet au jus gravy mix (recommended: McCormick)"
69,"4 hamburger buns, toasted"
70,"3 1/2 pounds hamburger"
70,"2 eggs"
70,"1 cup oatmeal"
70,"1 small onion, diced"
70,"1 small green pepper, diced"
70,"1/2 cup ketchup"
70,"1 1/2 cups beef broth"
70,"1 tablespoon salt"
70,"1 tablespoon black pepper"
70,"1 tablespoon garlic powder"
70,"1 tablespoon onion powder"
71,"Kosher salt and freshly cracked black pepper"
71,"1 large eggplant, peeled and sliced into 1/2-inch rounds"
71,"All-purpose flour, for dredging"
71,"4 large eggs, beaten"
71,"3 cups Italian breadcrumbs"
71,"1 cup grated Parmesan"
71,"Canola oil, for frying"
71,"16 ounces burrata cheese"
71,"One 2-foot Italian bread loaf, sliced in half lengthwise"
71,"One 12-ounce jar roasted red peppers"
71,"Balsamic Vinaigrette, recipe follows"
71,"3/4 cup balsamic vinegar"
71,"2 cloves garlic, smashed and chopped"
71,"1/2 shallot, minced"
71,"1 tablespoon honey"
71,"1 teaspoon dried Italian seasoning"
71,"Kosher salt and freshly cracked black pepper"
71,"1/2 cup olive oil, plus more if needed"
72,"2 cups flour"
72,"1 teaspoon baking soda"
72,"1 teaspoon ground cinnamon"
72,"1/2 teaspoon baking powder"
72,"1 teaspoon salt"
72,"1/2 teaspoon ground nutmeg"
72,"2 large eggs"
72,"1 cup sugar"
72,"1/2 cup packed brown sugar"
72,"1 cup canola oil"
72,"1 teaspoon vanilla extract"
72,"2 cups grated carrots (about 5)"
72,"1 cup chopped walnuts"
72,"1/2 stick unsalted butter"
72,"8 ounces cream cheese"
72,"3 1/2 cups powdered sugar"
72,"3/4 teaspoon vanilla extract"
72,"1/2 teaspoon cinnamon"
72,"Edible gold glitter stars, for serving, optional"
73,"3 tablespoons extra-virgin olive oil"
73,"1 medium red onion"
73,"1 pound spicy Italian sausage, casings removed"
73,"10 ounces frozen diced butternut squash (about 1 1/2 cups)"
73,"One 15-ounce can crushed tomatoes"
73,"Kosher salt and freshly ground black pepper"
73,"One 16-ounce tube ready-made polenta"
73,"1 tablespoon unsalted butter, cut into small pieces, plus more for greasing the dish"
73,"5 ounces fontina cheese, thinly sliced (1 1/4 cups)"
73,"1 ounce grated Parmesan (about 1/4 cup)"
73,"5 ounces baby spinach (about 6 cups)"
73,"2 teaspoons balsamic vinegar"
74,"3 stalks celery, trimmed, peeled and thinly sliced on the bias, plus 1/2 cup loosely packed leaves"
74,"Kosher salt and freshly ground black pepper"
74,"Four 6-ounce skinless cod fillets"
74,"2 tablespoons olive oil"
74,"1 tablespoon unsalted butter"
74,"4 slices bacon, cut into matchsticks"
74,"1/2 medium red onion, thinly sliced"
74,"1 clove garlic, finely chopped"
74,"1/2 cup red wine"
74,"Two 15-ounce cans brown lentils, strained and rinsed"
74,"1/2 cup low-sodium chicken broth"
74,"1/4 teaspoon red pepper flakes"
75,"2 medium Vidalia onions or other sweet onions (about 1 pound)"
75,"2 tablespoons toasted sesame oil"
75,"Kosher salt and freshly ground black pepper"
75,"1 tablespoon fish sauce"
75,"4 medium radishes, very thinly sliced (use a mandoline if you have one)"
75,"1 large bunch watercress, rinsed and dried"
75,"1/2 cup fresh cilantro leaves"
75,"1 pound flank steak"
76,"2 medium yellow tomatoes, cut into 1/2-inch thick wedges (about 1 pound)"
76,"Kosher salt and freshly ground black pepper"
76,"1/2 cup sour cream"
76,"Zest and juice of 1 lime"
76,"1/4 teaspoon cumin"
76,"1/4 cup extra-virgin olive oil, plus more for oiling the grill grates"
76,"4 bone-in pork chops, 1-inch thick (about 3 pounds)"
76,"4 ears yellow corn, shucked"
76,"1 large red onion, sliced into 1/2-inch rounds (about 8 ounces)"
76,"One 15-ounce can black-eyed peas, drained and rinsed"
76,"1/2 cup roughly-chopped fresh parsley"
77,"2 1/2 cups store-bought seasoned croutons (not mini)"
77,"3 tablespoons unsalted butter, cut into small pieces"
77,"4 scallions, thinly sliced"
77,"6 dried apricots, roughly chopped"
77,"2 cups low-sodium chicken broth"
77,"Kosher salt and freshly ground black pepper"
77,"Four 11- to 12-ounce bone-in pork loin chops, about 1-inch thick (2 3/4 to 3 pounds total)"
77,"1 tablespoon olive oil"
77,"2 tablespoons sour cream"
77,"1 tablespoon Dijon mustard"
77,"4 side salads, for serving"
78,"2 pounds chuck roast, cut into small cubes"
78,"Kosher salt and freshly ground black pepper"
78,"2 tablespoons vegetable oil"
78,"2 pounds ground beef"
78,"1 pound fresh chorizo"
78,"8 cloves garlic, minced"
78,"1 large onion, chopped"
78,"1 jalapeno, minced"
78,"Two 12-ounce bottles pale lager beer"
78,"One 14-ounce can chopped tomatoes"
78,"1/2 cup tomato paste"
78,"2 guajillo chiles"
78,"2 tablespoons chili powder"
78,"1 tablespoon ground cumin"
78,"1 tablespoon Mexican oregano"
78,"2 bay leaves"
78,"Two 15-ounce cans pinto beans, drained and rinsed"
78,"Two 15-ounce cans red kidney beans, drained and rinsed"
78,"Two 15-ounce cans black beans, drained and rinsed"
78,"1/4 cup masa harina"
78,"Diced tomatoes"
78,"Cubed avocado"
78,"Grated Cheddar cheese"
78,"Sour cream"
78,"Lime wedges"
78,"Fresh cilantro leaves"
79,"1 bunch mint leaves, lightly chopped, about 1/2 cup"
79,"1/4 cup sugar"
79,"2 tablespoons water"
79,"2 cups strawberries, stemmed and quartered"
79,"1/4 cup balsamic vinegar"
79,"1/4 cup superfine sugar"
79,"Salt and freshly ground black pepper"
79,"8 ounces bittersweet chocolate, coarsely chopped"
79,"1 cup heavy cream"
79,"1 teaspoon instant espresso powder"
79,"1/2 cup chopped toasted hazelnuts"
79,"1 pint vanilla gelato, softened"
80,"1 tablespoon minced garlic"
80,"1 tablespoon minced ginger"
80,"4 cups cooked long grain rice, usually day old"
80,"3 eggs scrambled"
80,"2 tablespoons chive batons"
80,"1 cup blanched English peas"
80,"Salt and pepper to taste"
80,"1 cup blanched snow peas"
80,"1 cup blanched snap peas"
80,"Citrus Vinaigrette (recipe follows)"
80,"Juice of 1 lemon"
80,"Juice of 1 lime"
80,"Juice of 1 orange"
80,"1/4 cup extra virgin olive oil"
80,"Salt and black pepper to taste"
81,"1/4 cup canola oil"
81,"3 cups flour"
81,"3 tablespoons salt"
81,"1 large white onion, thinly sliced into rings"
81,"Two 1 1/4-pound lobsters, par-cooked and cleaned"
81,"4 ounces 3 Pepper Lobster Stir-fry Sauce, recipe follows"
81,"Lemon wedge"
81,"2 cilantro sprigs"
81,"1/2 cup canola oil"
81,"4 onions, diced"
81,"1 cup minced garlic"
81,"3/4 cup Thai fish sauce"
81,"1 1/4 cups balsamic vinegar"
81,"4 tablespoons black pepper"
81,"1 teaspoons white pepper"
81,"3 1/4 tablespoons Szechuan pepper"
81,"2 1/4 cups sugar"
81,"1 tablespoon salt"
82,"1/2 cup parsley leaves, a couple of handfuls"
82,"8 cloves garlic, cracked away from skins"
82,"1 pound chorizo sausage, casings removed"
82,"1/4 cup extra-virgin olive oil"
82,"1 1/2 pounds tenderloin or sirloin of beef, well trimmed, cut into bite sized pieces"
82,"Coarse salt and pepper"
82,"24 medium to large mushroom caps"
82,"1 cup dry sherry"
83,"2 cloves garlic"
83,"1/3 cup lemon juice"
83,"1 teaspoon ground cumin"
83,"1 teaspoon honey"
83,"1 teaspoon Dijon mustard"
83,"2/3 cup extra-virgin olive oil"
83,"Salt and pepper"
83,"3 stalks celery, finely chopped"
83,"1 bunch green onions, green parts only, finely chopped"
83,"One 15-ounce can black beans, drained"
83,"One 15-ounce can red kidney beans, drained"
83,"One 15-ounce can white beans, drained"
83,"Salt and pepper"
83,"3 tablespoons chopped fresh parsley"
84,"1 tablespoon salt, plus more for pasta water"
84,"1 pound large elbow macaroni"
84,"6 tablespoons butter"
84,"6 tablespoons all-purpose flour"
84,"3 cups milk"
84,"1 cup heavy cream"
84,"1 tablespoon freshly ground black pepper"
84,"1 pound white Cheddar, shredded"
84,"4 ounces Romano, shredded"
84,"4 ounces Asiago, shredded"
84,"2 cups bread crumbs (suggested: panko (Japanese) available at most markets)"
84,"2 tablespoons chopped fresh parsley, for garnish"
85,"cooking spray"
85,"2 cups shredded cheddar and Monterey jack cheese blend"
85,"2 cups shredded sharp cheddar cheese"
85,"4 eggs"
85,"3 cups 2% milk"
85,"2 12 oz. cans evaporated milk"
85,"1/4 teaspoon ground cayenne pepper"
85,"2 teaspoons dry mustard"
85,"1/2 teaspoon ground nutmeg"
85,"2 teaspoons salt"
85,"1 teaspoon freshly ground pepper"
85,"1 pound uncooked macaroni noodles"
85,"1 teaspoon ground paprika"
86,"4 tablespoons unsalted butter, room temperature"
86,"2 cloves garlic, smashed and chopped"
86,"2 tablespoons grated Asiago cheese"
86,"2 tablespoons grated Parmesan cheese"
86,"2 tablespoons grated Romano cheese"
86,"2 tablespoons chopped parsley"
86,"1 large baguette, cut into 1 1/2-inch slices on a bias"
87,"2 pounds carrots"
87,"2 pounds snow peas"
87,"1 pound roasted peppers"
87,"1 cup Maple Vinaigrette, recipe follows"
87,"1/2 pound sunflower seeds"
87,"9 ounces old-fashioned mustard"
87,"38 1/2 ounces maple syrup"
87,"19 ounces cider vinegar"
87,"1 1/2 ounces sea salt"
87,"29 ounces sunflower seed oil"
88,"1 recipe Chocolate or Vanilla Cake, recipes follow"
88,"2 recipes American Buttercream, recipe follows"
88,"Gel food coloring of your choice, for dyeing American Buttercream"
88,"Small piece white fondant"
88,"Small piece black fondant"
88,"Small piece pink fondant"
88,"Nonstick cooking spray"
88,"5 1/2 cups all-purpose flour, plus more for the pans"
88,"2 1/2 teaspoons baking powder"
88,"2 teaspoons salt"
88,"2 sticks (1 cup) unsalted butter, at room temperature"
88,"4 cups granulated sugar"
88,"1 cup vegetable oil"
88,"10 large eggs, at room temperature"
88,"2 tablespoons pure vanilla extract"
88,"2 cups milk"
88,"Nonstick cooking spray"
88,"4 cups all-purpose flour, plus more for the pans"
88,"2/3 cup cocoa powder"
88,"2 teaspoons baking soda"
88,"2 teaspoons salt"
88,"4 sticks (2 cups) butter, softened"
88,"4 cups granulated sugar"
88,"6 extra-large eggs"
88,"1 cup sour cream"
88,"1 tablespoon vanilla"
88,"2 cups hot water"
88,"1 tablespoon instant espresso powder"
88,"4 sticks (2 cups) butter, softened"
88,"6 cups powdered sugar"
88,"1 to 2 teaspoons pure vanilla extract (or any other flavor you want, or none)"
88,"Pinch kosher salt"
88,"1/4 cup whole milk"
89,"2 1/2 cups heavy cream, cold"
89,"4 bananas, plus 1 for garnish"
89,"3 cups animal crackers, plus more for garnish"
90,"2 bananas"
90,"1/2 cup peanut butter or chocolate-hazelnut spread, such as Nutella"
90,"1 cup trail mix or freeze-dried raspberries, crushed"
91,"1/2 cup chocolate almond milk"
91,"4 bananas, plus banana slices, for topping"
91,"2 tablespoons chia seeds"
92,"2 very ripe bananas"
92,"1 tablespoon extra-virgin coconut oil"
92,"3 tablespoons raspberry jam"
93,"2 large eggs"
93,"1 large banana"
93,"1/4 teaspoon pumpkin pie spice"
94,"Nonstick cooking spray, for greasing the pans"
94,"2 cups all-purpose flour"
94,"2 teaspoons baking powder"
94,"Pinch salt"
94,"1 1/2 sticks unsalted butter, at room temperature"
94,"1 1/2 cups granulated sugar"
94,"3 large eggs"
94,"1 1/2 teaspoons vanilla extract"
94,"1/2 cup milk"
94,"3/4 cup sour cream"
94,"One 8-ounce package cream cheese, at room temperature"
94,"1 stick (8 tablespoons) unsalted butter, at room temperature"
94,"1 cup powdered sugar"
94,"1 teaspoon vanilla extract"
94,"1/2 lemon, juiced"
95,"Four 8-ounce sirloin bison steaks, well trimmed"
95,"1/4 cup olive oil"
95,"1/2 cup mixed peppercorns, black, green and pink, coarsely ground"
95,"2 tablespoons kosher salt"
95,"2 tablespoons minced shallots"
95,"1 tablespoon minced garlic"
95,"2 tablespoons butter"
95,"1 cup Tennessee Whiskey (Recommended: Jack Daniels)"
95,"1 cup veal stock"
95,"1/2 cup cream"
95,"Salt"
95,"Pepper"
96,"1/2 cup sour cream"
96,"2 round tablespoons prepared horseradish, Gold's preferred brand"
96,"1/2 lemon, juiced"
96,"About 2 teaspoons Worcestershire sauce, Lea and Perrins preferred brand"
96,"A handful chives, finely chopped"
96,"A handful dill, finely chopped"
96,"1 1/2 teaspoons (1/2 a palm full) coarse black pepper"
96,"About 1 pound deli roast beef, leftover roast, pot roast or steaks"
96,"Watercress or arugula, to serve"
96,"1 pound deli sliced prosciutto cotto (cooked ham)"
96,"2 small ribs celery with leafy tops"
96,"1/2 red onion"
96,"2 cloves garlic"
96,"2 tablespoons thyme"
96,"1 tablespoon cayenne pepper sauce, Frank's Red Hot preferred brand, plus more to taste"
96,"About 1 tablespoon Worcestershire sauce"
96,"About 2 round tablespoons yellow mustard"
96,"3 tablespoons good-quality pickle relish, Wickle's preferred brand"
96,"Gem romaine or Bibb lettuce, to serve"
96,"1 pound cooked rotisserie chicken PLUS all the fat and drippings from its container"
96,"2 small ribs celery"
96,"1 large shallot"
96,"1 large clove garlic, crushed"
96,"4 sprigs tarragon"
96,"Salt and pepper"
96,"1/2 lemon"
96,"2 round tablespoons Dijon mustard"
96,"Gem romaine or Bibb lettuce"
96,"About 2 tablespoons nonpareil (small) capers"
96,"Chopped cornichons, for serving"
96,"8 slices white sandwich bread, Pepperidge Farm preferred brand"
96,"4 store-bought hard-boiled eggs, Eggland's Best in pouch preferred brand"
96,"3/4 to 1 pound cheese, 2 rounds of aged goat cheese, Fontina val d'Aosta or Comte, or cheeses of choice"
97,"Tequila, 1-ounce per serving"
97,"Fresh lime juice, 1-ounce (about 2 tablespoons) per serving"
97,"Red part (Sangrita)* (See Cook's Note)"
97,"3/4 cups orange juice"
97,"3/4 cups regular or spicy tomato juice"
97,"1/4 cup fresh lime juice"
97,"1 medium jalapeno chile, stemmed, seeded and coarsely chopped"
97,"Pinch salt"
98,"1/2 stick butter"
98,"3 tablespoons minced garlic"
98,"8 ounces tomato paste"
98,"2 1/2 cups water"
98,"1 small can chipotle peppers in adobo sauce, seeds removed and chopped"
98,"1 tablespoon Worcestershire sauce"
98,"2 tablespoons red wine vinegar"
98,"3 tablespoons yellow mustard"
98,"1/4 cup ketchup"
98,"1/4 cup dark brown sugar"
98,"1 teaspoon paprika"
98,"3 tablespoons molasses"
98,"2 tablespoons honey"
98,"1/4 cup black cherry preserves"
98,"2 teaspoons ground cumin"
98,"4 large Spanish red onions"
98,"1/2 stick butter"
98,"Minced garlic"
98,"Sea salt and freshly cracked black pepper"
98,"1 cup Chipotle BBQ Sauce"
98,"2 bunches scallions, for grilling"
98,"Olive oil"
98,"1 pound lean ground chuck"
98,"Sea salt and freshly ground black pepper"
98,"Applewood smoked bacon"
98,"4 slices aged smoked Cheddar"
98,"*Toasted Kaiser rolls"
98,"Oil, for frying"
98,"2 large sweet Vidalia onions"
98,"1/2 cup all-purpose flour"
98,"1/2 cup blue cornmeal"
98,"Salt"
98,"2 eggs"
99,"2 1/2 cups all-purpose flour"
99,"1/2 teaspoon baking powder"
99,"1/4 teaspoon fine salt"
99,"1 cup (2 sticks) unsalted butter, at room temperature"
99,"3/4 cup granulated sugar"
99,"3/4 cup confectioners' sugar"
99,"2 large egg yolks"
99,"1 teaspoon pure vanilla extract"
99,"1/4 teaspoon finely grated orange zest"
99,"Coarse sugar, aka sanding or crystallized sugar"
99,"Royal Icing, recipe follows"
99,"5 tablespoons meringue powder (egg white powder)"
99,"6 tablespoons water"
99,"1 pound confectioners' sugar (about 3 3/4 to 4 cups or 1 box)"
99,"Food coloring, as desired"
100,"1 pound ground chuck beef (80% lean)"
100,"3/4 cup chopped yellow onion"
100,"1 pkg (1.25 oz each) chili seasoning mix"
100,"1 can (16 oz each) beans in chili seasoned sauce, undrained"
100,"1 can (14.5 oz each) Hunt's® Diced Tomatoes, undrained"
100,"1 can (10 oz each) Ro*Tel® Original Diced Tomatoes & Green Chilies, undrained"
100,"1 can (8 oz each) Hunt's® Tomato Sauce"
100,"1 cup water"
101,"4 large cloves garlic, cracked away from skin"
101,"1 cup flat-leaf parsley, a few generous handfuls"
101,"1/2 cup Marcona almonds (Spanish peeled, toasted nuts available in bulk section of many markets) or, toasted slivered almonds"
101,"1 lemon, grate 1 tablespoon zest then cut into wedges"
101,"4 bone-in, skin-on chicken breasts or thighs"
101,"2 tablespoons grill seasoning blend (recommended: Montreal Steak Seasoning by McCormick)"
101,"Extra-virgin olive oil, for liberal drizzling"
102,"2 pounds potatoes, such as russet, peeled and cubed"
102,"2 tablespoons sour cream or softened cream cheese"
102,"1 large egg yolk"
102,"1/2 cup cream, for a lighter version substitute vegetable or chicken broth"
102,"Salt and freshly ground black pepper"
102,"1 tablespoon extra-virgin olive oil, 1 turn of the pan"
102,"1 3/4 pounds ground beef or ground lamb"
102,"1 carrot, peeled and chopped"
102,"1 onion, chopped"
102,"2 tablespoons butter"
102,"2 tablespoons all-purpose flour"
102,"1 cup beef stock or broth"
102,"2 teaspoons Worcestershire, eyeball it"
102,"1/2 cup frozen peas, a couple of handfuls"
102,"1 teaspoon sweet paprika"
102,"2 tablespoons chopped fresh parsley leaves"
103,"2 pounds potatoes, such as russet, peeled and cubed"
103,"2 tablespoons sour cream or softened cream cheese"
103,"1 large egg yolk"
103,"1/2 cup cream, for a lighter version substitute vegetable or chicken broth"
103,"Salt and freshly ground black pepper"
103,"1 tablespoon extra-virgin olive oil, 1 turn of the pan"
103,"1 3/4 pounds ground beef or ground lamb"
103,"1 carrot, peeled and chopped"
103,"1 onion, chopped"
103,"2 tablespoons butter"
103,"2 tablespoons all-purpose flour"
103,"1 cup beef stock or broth"
103,"2 teaspoons Worcestershire, eyeball it"
103,"1/2 cup frozen peas, a couple of handfuls"
103,"1 teaspoon sweet paprika"
103,"2 tablespoons chopped fresh parsley leaves"
104,"2 3/4 cups water"
104,"1 tablespoon butter"
104,"1 1/2 cups white and wild rice or long grain rice"
104,"2/3 cup flour, eyeball it"
104,"1 rounded tablespoon sweet paprika"
104,"4 pieces, 6 ounces each, boneless, skinless chicken breast"
104,"3 boneless, skinless chicken thighs"
104,"Salt and freshly ground black pepper"
104,"2 tablespoons extra-virgin olive oil, 2 turns of the pan"
104,"2 tablespoons butter"
104,"1 green bell pepper, seeded and chopped"
104,"1 red bell pepper, seeded and chopped"
104,"1 medium onion, chopped"
104,"2 or 3 large cloves garlic, smashed"
104,"1 tablespoon curry powder or mild curry paste"
104,"1 cup chicken stock"
104,"1 can diced tomatoes in puree or chunky style crushed tomatoes"
104,"1/4 cup golden raisins or currants, a couple of handfuls"
104,"2 ounces, 1 small pouch, sliced almonds, lightly toasted"
104,"3 scallions, chopped, for garnish"
105,"6 1/2 cups 'hearty' chicken stock or broth"
105,"Six 6-ounce boneless skinless chicken breasts, diced"
105,"1 stick butter"
105,"2 1/2 cups diced onions"
105,"2 1/4 cups diced carrots"
105,"1 3/4 cups diced celery"
105,"1/2 pound medium mushrooms, quartered"
105,"1 cup all-purpose flour"
105,"1 bay leaf"
105,"1 teaspoon salt"
105,"1/4 teaspoon white pepper, or 1/2 teaspoon black pepper"
105,"3/4 cup heavy whipping cream, warmed"
105,"Store-bought puff pastry or pie dough"
105,"2 egg whites"
106,"1 pound ground chuck beef (80% lean)"
106,"¾ cup chopped yellow onion"
106,"1 pkg (1.25 oz each) chili seasoning mix"
106,"1 can (16 oz each) beans in chili seasoned sauce, undrained"
106,"1 can (14.5 oz each) Hunt's® Diced Tomatoes, undrained"
106,"1 can (10 oz each) Ro*Tel® Original Diced Tomatoes & Green Chilies, undrained"
106,"1 can (8 oz each) or 1 cup Hunt's® Tomato Sauce"
106,"1 cup water"
107,"1 pound ground chuck beef (80% lean)"
107,"¾ cup chopped yellow onion"
107,"1 pkg (1.25 oz each) chili seasoning mix"
107,"1 can (16 oz each) beans in chili seasoned sauce, undrained"
107,"1 can (14.5 oz each) Hunt's® Diced Tomatoes, undrained"
107,"1 can (10 oz each) Ro*Tel® Original Diced Tomatoes & Green Chilies, undrained"
107,"1 can (8 oz each) or 1 cup Hunt's® Tomato Sauce"
107,"1 cup water"
108,"2 large bulbs fennel"
108,"1/4 cup plus 2 tablespoons olive oil"
108,"Kosher salt and freshly ground black pepper"
108,"Four 6-ounce cod fillets, each 1 to 1 1/2 inches thick"
108,"1 lemon"
108,"1/2 cup panko breadcrumbs"
108,"1/2 cup pitted kalamata olives"
109,"4 slices thick-cut bacon, cut into 1/2 inch strips (about 4 1/2 ounces)"
109,"10 ounces cremini mushrooms, halved or quartered"
109,"Kosher salt and freshly ground black pepper"
109,"2 cloves garlic, minced"
109,"1 1/2 tablespoons all-purpose flour"
109,"2 teaspoons tomato paste"
109,"1 1/2 cups chicken broth"
109,"1 cup red wine"
109,"1 1/2 cups frozen pearl onions"
109,"2 sprigs fresh thyme or pinch dried thyme"
109,"2 tablespoons cold unsalted butter, cut into 4 pieces"
109,"Pinch sugar, optional"
109,"1 cooked rotisserie chicken, cut into 8 pieces"
109,"1 teaspoon chopped fresh parsley, for garnish"
110,"5 large garlic cloves, 4 grated, 1 whole"
110,"1/2 cup plus 2 tablespoons extra-virgin olive oil, plus more for oiling the grill grates"
110,"Zest and juice of 2 lemons"
110,"1 tablespoon dried oregano"
110,"4 large bone-in, skin-on chicken thighs (about 2 pounds)"
110,"1/2 of a medium watermelon (about 3 pounds)"
110,"1 garden cucumber, peeled (8 ounces)"
110,"One 4-ounce block feta"
110,"1/2 cup pitted Kalamata olives"
110,"Kosher salt and freshly ground black pepper"
110,"1/2 baguette, halved length-wise"
110,"1/2 cup fresh mint leaves, torn into large pieces"
111,"3/4 cup basmati rice"
111,"Kosher salt"
111,"4 heads baby bok choy"
111,"1/4 pound shiitake mushrooms, stems removed"
111,"3 to 4 tablespoons vegetable oil"
111,"4 scallions, white parts thinly sliced and the green parts cut in 1-inch lengths"
111,"Freshly ground black pepper"
111,"1 tablespoon low-sodium soy sauce, plus more for drizzling"
111,"1/2 teaspoon rice wine vinegar"
111,"Four 6-ounce pieces salmon fillet, skin removed"
112,"3 cups mixed black and green seedless grapes"
112,"10 to 12 fresh sage leaves"
112,"3 tablespoons extra-virgin olive oil"
112,"Kosher salt and freshly ground black pepper"
112,"1 pork tenderloin, trimmed and patted dry (about 1 1/4 pounds)"
112,"1/2 cup couscous"
112,"2 tablespoons walnuts, chopped"
113,"1 cup canned unsalted diced tomatoes"
113,"1 medium white onion, quartered"
113,"2 cloves garlic"
113,"1/2 chipotle in adobo sauce, plus 1 tablespoon of the sauce"
113,"2 tablespoons vegetable oil"
113,"1 large pork tenderloin, trimmed and cut into 1-inch chunks (about 1 1/2 pounds)"
113,"Kosher salt and freshly ground black pepper"
113,"1 tablespoon chili powder"
113,"One 8-ounce sweet potato, peeled and cut into 1/2-inch chunks"
113,"2 cups low-sodium chicken broth"
113,"1 tablespoon pickled jalapenos"
113,"1 cup 2 percent Greek yogurt"
113,"1/4 medium head red cabbage"
113,"1 medium Haas avocado"
113,"1 lime"
113,"1/2 cup loosely packed fresh cilantro"
113,"Eight 6-inch corn tortillas, warmed"
114,"3 tablespoons extra-virgin olive oil"
114,"1 medium yellow onion, chopped"
114,"5 cloves garlic, chopped"
114,"Kosher salt"
114,"2 teaspoons chili powder"
114,"1 teaspoon dried oregano"
114,"1 tablespoon tomato paste"
114,"1 chipotle chile en adobo, coarsely chopped, with 1 tablespoon sauce"
114,"1 pound ground turkey"
114,"1 (12-ounce) Mexican lager-style beer"
114,"1 (14 12-ounce) can whole peeled tomatoes, with their juice"
114,"1 (15 12-ounce) can kidney beans, rinsed and drained"
114,"Sliced scallions, cilantro sprigs, avocado, sour cream, grated Monterey Jack cheese, and/or tortilla chips, for garnish, optional"
115,"3 tablespoons extra-virgin olive oil"
115,"1 medium yellow onion, chopped"
115,"5 cloves garlic, chopped"
115,"1 tablespoon kosher salt"
115,"2 teaspoons chili powder"
115,"1 teaspoon dried oregano"
115,"1 tablespoon tomato paste"
115,"1 chipotle chile en adobo, coarsely chopped, with 1 tablespoon sauce"
115,"1 pound ground turkey or 12 ounces soy crumbles"
115,"One 12-ounce Mexican lager-style beer"
115,"One 14 1/2-ounce can whole peeled tomatoes, with their juice"
115,"One 15 1/2-ounce can kidney beans, rinsed and drained"
115,"Optional garnishes: Sliced scallions, cilantro sprigs, avocado, sour cream, grated Monterey jack cheese, and/or tortilla chips"
116,"4 oz chocolate (bittersweet preferably)"
116,"4 large eggs"
116,"6 tablespoons sugar"
116,"3 tablespoons flour"
116,"Powdered sugar for dusting"
117,"1 (2 1/2 pound) cabbage, preferably with dark-green outer leaves intact"
117,"1 pound parsnips (about 3 large)"
117,"1 onion (about 1/2 pound)"
117,"1 pound russet baking potatoes (about 2 medium)"
117,"3 1/2 tablespoons unsalted butter"
117,"2 teaspoons salt"
117,"Freshly grated nutmeg"
117,"5 ounces (about 1/2 cup) fresh robiola or mascarpone"
118,"1 onion, diced"
118,"4 tablespoons butter"
118,"4 tablespoons all-purpose flour"
118,"1 cup whole milk"
118,"1/2 cup shredded Cheddar"
118,"1/2 cup shredded Swiss cheese"
118,"1/4 cup shredded Monterey Jack"
118,"1/4 cup shredded Muenster"
118,"Salt and pepper"
118,"5 eggs, separated"
119,"Salt"
119,"8 pieces jumbo pasta shells"
119,"1 1/2 pounds ricotta cheese or part skim ricotta cheese"
119,"1 pound mozzarella, diced"
119,"1/2 cup grated Parmigiano-Reggiano"
119,"1 cup shredded Asiago"
119,"1/4 cup chopped flat-leaf parsley"
119,"2 tablespoons extra-virgin olive oil, 2 turns of the pan"
119,"3 cloves garlic, chopped"
119,"1 small onion, finely chopped"
119,"1 can (28 ounces) crushed tomatoes"
119,"Salt and freshly ground black pepper"
119,"6 or 7 leaves fresh basil, torn or shredded"
120,"1/2 cup salted butter, softened, plus more for greasing"
120,"1 cup sugar"
120,"1 teaspoon Mexican vanilla extract"
120,"3 eggs"
120,"1/2 cup all-purpose flour"
120,"1/3 cup Dutch process baking cocoa"
120,"8 ounces cream cheese, softened"
120,"1/2 cup ricotta cheese"
120,"3/4 cup sugar"
120,"1 ounce unsweetened chocolate, melted and cooled (or packaged pre-melted)"
120,"2 eggs"
120,"1 tablespoon all-purpose flour"
120,"1 1/2 cups heavy cream"
120,"8 ounces cream cheese"
120,"1/2 cup sugar"
120,"2 teaspoons Mexican vanilla extract"
120,"10 ounces dark chocolate, chopped or about 1 1/2 cups dark chocolate chips"
120,"1 cup heavy whipping cream"
120,"2 tablespoons butter"
120,"1/4 cup white chocolate chips"
120,"1 1/2 cups mini chocolate chips, for garnish"
121,"2 tablespoons extra virgin olive oil, 2 turns of the pan"
121,"4 cloves garlic, crushed away from skin"
121,"1/2 teaspoon crushed red pepper flakes"
121,"24 jumbo shrimp, peeled and deveined, tails in tact, ask for easy peels at your fish counter"
121,"2 teaspoons grill or steak seasoning blend (recommended: Montreal Seasoning by McCormick) or coarse salt and pepper"
121,"1 lemon, zested and juiced"
121,"2 tablespoons chopped parsley leaves, a handful"
122,"2 cups all-purpose flour"
122,"1 teaspoon salt"
122,"3/4 cup cold butter, cut in chucks"
122,"1/3 cup cold water"
122,"3 1/4 pounds apples, peeled and sliced"
122,"2 tablespoons lemon juice"
122,"1 1/2 cups Apple Pie Mix, recipe follows"
122,"4 1/2 cups sugar"
122,"4 1/2 cups brown sugar"
122,"2 cups all-purpose flour"
122,"3 tablespoons ground cinnamon"
122,"1 teaspoon ground nutmeg"
123,"1/3 cup red wine vinegar"
123,"4 tablespoons balsamic vinegar"
123,"1/4 cup extra-virgin olive oil"
123,"Salt and freshly cracked black pepper"
123,"1/4 cup scallions, sliced"
123,"3/4 cup red onions, finely diced"
123,"1/4 cup peppadew peppers (sweet red peppers) or roasted red bell peppers, finely diced"
123,"1/2 teaspoon sea salt"
123,"3 tablespoons honey"
123,"1 (12-ounce) can white beans, drained"
123,"1 (12-ounce) can chick peas, garbanzo beans, drained"
123,"1 (12-ounce) can pinto beans, drained"
123,"1 (12-ounce) can black beans, drained"
124,"1 cup heavy cream"
124,"1 cup diced or grated cheeses (equal parts parmesan reggiano, mezze secco, hard provolone and manchego)"
124,"1 pinch black pepper"
124,"1 splash truffle oil, to taste"
124,"1 pound elbow macaroni, partially cooked"
124,"1/4 cup toasted panko bread crumbs mixed with a pinch of red pepper (ancho, aleppo, or urfa all work very well)"
125,"All-purpose flour, for dusting"
125,"2 frozen puff pastry sheets (from a 17.3-ounce box), thawed"
125,"Three 1-inch long cornichons, halved length-wise"
125,"Six 1-inch square pieces ham steak (about 1 1/2 ounces)"
125,"1 1/2 ounces shredded gruyere cheese (about 1/2 cup)"
125,"18 mozzarella pearls"
125,"3 teaspoons prepared pesto"
125,"18 slices sun-dried tomatoes, from 3 to 4 tomatoes"
125,"6 whole candied pecans"
125,"6 small red grapes, halved"
125,"Six 1-inch square pieces brie cheese, about 1/2-inch-thick (about 1 ounce)"
125,"Kosher salt and freshly ground black pepper"
125,"1/4 cup cream cheese, at room temperature"
125,"1 scallion, thinly sliced"
125,"Zest of 1 medium lemon (about 1 teaspoon)"
125,"Six extra-small (91/110) cooked shrimp, tails removed"
125,"1 large egg, beaten"
126,"One 6- to 7-pound leg of lamb (see Cook's Note)"
126,"Good olive oil"
126,"1 tablespoon kosher salt"
126,"2 teaspoons freshly ground black pepper"
126,"One 750-ml bottle dry white wine"
126,"2 heads of garlic, broken apart but not peeled"
126,"15 large sprigs fresh rosemary"
126,"15 large sprigs fresh thyme"
126,"6 bay leaves"
127,"2 refrigerated rolled pie crusts (homemade or store-bought)"
127,"3/4 cup sugar"
127,"6 cups blueberries"
127,"3 tablespoons all-purpose flour"
128,"One 15-ounce can cream of coconut"
128,"8 small limes, 2 zested and all juiced (about 1 cup juice)"
128,"8 small limes, 2 zested and all juiced (about 1 cup juice)"
128,"One 9-inch prepared graham cracker crust"
128,"1 ounce dark chocolate"
129,"One 9-inch prepared chocolate cookie crust"
129,"1 1/2 cups heavy cream"
129,"1/2 cup confectioners' sugar"
129,"15 chocolate-and-cream sandwich cookies"
130,"1 cup lemon sorbet"
130,"3/4 cup sweetened condensed milk"
130,"2/3 cup heavy cream"
130,"One 9-inch graham cracker pie crust"
131,"1 refrigerated rolled pie crust (homemade or store-bought)"
131,"Two 8-ounce blocks cream cheese, at room temperature"
131,"1 cup confectioners' sugar"
131,"3 to 4 very ripe peaches, halved, pitted and cut into wedges"
132,"2 cups strawberry ice cream"
132,"3/4 cup smooth peanut butter"
132,"2 1/2 cups crispy rice cereal"
132,"6 strawberries, hulled and quartered or sliced"
133,"14 ounces milk chocolate chips"
133,"3/4 cup heavy cream"
133,"One 9-inch prepared graham cracker crust"
133,"15 marshmallows"
134,"6 hard boiled eggs, cooled and peeled"
134,"1 teaspoon whole pink peppercorns, divided"
134,"1/2 teaspoon whole white peppercorns"
134,"1/2 teaspoon whole black peppercorns"
134,"1/2 teaspoon whole green peppercorns"
134,"1/2 teaspoon caper liquid"
134,"1/4 cup mayonnaise"
134,"1 teaspoon Dijon mustard"
134,"1/4 teaspoon kosher salt"
134,"Pinch sugar"
135,"Cornmeal, if desired"
135,"1 can (13.8 ounce) Pillsbury® refrigerated classic pizza crust"
135,"2 teaspoons olive oil"
135,"1/2 cup shredded Cheddar cheese (2 ounce)"
135,"1 1/2 cups shredded mozzarella cheese (6 ounce)"
135,"1tablespoon chopped red onion"
135,"1/2 cup refrigerated honey hickory barbecue sauce with shredded chicken, large pieces cut up"
135,"1 tablespoon shredded fresh Parmesan cheese"
135,"4 to 5 (1/4-inch-thick) slices plum (Roma) tomato (about 1 large tomato)"
135,"1 tablespoon thin fresh basil strips"
135,"2 tablespoons pizza sauce"
135,"2 slices Canadian bacon, quartered"
135,"1/4 cup pineapple tidbits, well drained (from 8 ounce can)"
135,"2 tablespoons pizza sauce"
135,"8 to 10 slices pepperoni (from 3 ounce package)"
136,"3 large chicken cutlets, sliced into thin paillards (slice while partially frozen)"
136,"Kosher salt and freshly ground black pepper"
136,"1/2 cup all-purpose flour"
136,"3 tablespoons vegetable oil"
136,"1 medium sweet onion, sliced"
136,"1/2 pound mushrooms, sliced"
136,"1 yellow bell pepper, seeded and julienned"
136,"2 tablespoons tomato paste"
136,"1/2 cup white wine"
136,"1/2 cup beef broth"
136,"One 14-ounce can chopped tomatoes"
136,"1/2 tablespoon butter"
137,"1 whole chicken (broiler/fryer) cut into 8 pieces"
137,"1/2 cup plus 2 tablespoons olive oil"
137,"10 sprigs fresh thyme"
137,"40 peeled cloves garlic"
137,"Salt and pepper"
138,"Kosher salt and freshly ground black pepper"
138,"40 cloves garlic (about 3 heads), peeled and trimmed"
138,"Vegetable oil, for cooking"
138,"4 tablespoons unsalted butter"
138,"2 boneless skinless chicken thighs (about 8 ounces), trimmed and cut into bite-size pieces"
138,"1/4 cup dry white wine"
138,"1 cup heavy cream"
138,"8 ounces dried fettuccine"
138,"1/2 cup grated Parmesan"
138,"2 tablespoons chopped fresh Italian parsley"
139,"2 eggs"
139,"2 tablespoons water"
139,"1 tablespoon butter, or 1 teaspoon oil"
140,"Chocolate syrup, for swirling"
140,"2 ounces vanilla vodka, such as Smirnoff"
140,"1 1/2 ounces white chocolate liqueur, such as Godiva"
140,"Maraschino cherry, for garnish"
141,"1 cup sugar"
142,"1/4 cup almond meal"
142,"1 1/4 cups all-purpose flour"
142,"1/2 cup confectioners' sugar"
142,"1/4 teaspoon salt"
142,"9 tablespoons unsalted butter, at room temperature"
142,"1 large egg yolk"
142,"3 tablespoons cornstarch"
142,"1/2 cup sugar"
142,"4 large egg yolks"
142,"1 1/2 cups whole milk"
142,"1/2 vanilla bean"
142,"Pinch salt"
142,"1 tablespoon unsalted butter"
142,"2 1/2 ounces white chocolate, finely chopped"
142,"1 1/2 cups fresh blueberries"
142,"2 cups fresh raspberries"
142,"Confectioners' sugar for dusting the top"
143,"2 cups red hot sauce (use your favorite)"
143,"1 stick margarine or butter, softened"
143,"2 1/2 tablespoons cayenne pepper"
143,"2 1/2 tablespoons crushed red chile flakes"
143,"2 1/2 tablespoons prepared horseradish"
143,"2 tablespoons minced fresh jalapeno"
143,"1 tablespoon minced fresh habanero"
143,"1 tablespoon plus 1 teaspoon ground cumin"
143,"1 tablespoon plus 1 teaspoon garlic powder"
143,"1 tablespoon plus 1 teaspoon onion powder"
143,"1 tablespoon plus 1 teaspoon coarsely ground black pepper"
143,"Hot chicken wings, for serving"
144,"1 pound ground chuck"
144,"1 cup diced yellow onion"
144,"1 cup diced green bell pepper"
144,"3 cloves garlic, minced"
144,"1 1/2 tablespoons Mexican style chili powder"
144,"2 teaspoons salt"
144,"1 1/2 teaspoons ground cumin"
144,"1 teaspoon freshly ground black pepper"
144,"1/2 teaspoon cayenne pepper"
144,"1/8 teaspoon ground coriander"
144,"1/8 teaspoon ground cinnamon"
144,"1 (28-ounce) can whole peeled tomatoes, broken up with your hands"
144,"3 cups beef stock or canned low-sodium beef broth"
144,"2 bay leaves"
144,"1 1/2 cups cooked and drained great Northern beans"
144,"1 1/2 cups cooked and drained pinto beans"
144,"1 1/2 cups cooked and drained kidney beans"
144,"1 1/2 cups cooked and drained black beans"
144,"1 1/2 cups cooked and drained navy beans"
145,"1 1/2 pounds lean ground beef"
145,"2 cups chopped onion"
145,"1 (15-ounce) can light red kidney beans, drained"
145,"1 (15-ounce) can dark red kidney beans, drained"
145,"1 (15-ounce) can cannellini beans, drained"
145,"1 (15-ounce) can butter beans, drained"
145,"1 (15-ounce) can pinto beans, drained"
145,"2 (14 1/2-ounce) cans diced tomatoes with jalapenos"
145,"2 (1 1/4 ounce) packets chili seasoning mix"
145,"1 (8-ounce) can tomato sauce"
145,"1 cup water"
145,"Salt and pepper"
145,"Suggested servings: cornbread, sour cream, cheese, chips, and fresh cilantro"
146,"Nonstick cooking spray"
146,"1 1/2 pounds lean ground beef"
146,"6 strips bacon, cooked until crisp in a skillet or microwave and crumbled"
146,"Salt"
146,"Freshly ground black pepper"
146,"4 rounds sliced red onion (about 1/4-inch thick)"
146,"4 slices sharp Cheddar (about 6 to 8 ounces total)"
146,"4 Kaiser rolls"
146,"2 teaspoons olive oil"
146,"1 (14-ounce) can black-eyed peas, drained"
146,"Salt"
146,"Freshly ground black pepper"
146,"1 tablespoon grated Parmesan"
146,"1 tablespoon freshly chopped parsley leaves"
147,"4 halibut fillets (about 5 ounces each)"
147,"Salt"
147,"Freshly ground black pepper"
147,"1 tablespoon olive oil"
147,"1 (14-ounce) can artichoke hearts, drained and chopped"
147,"3/4 cup reduced-sodium chicken broth"
147,"1 teaspoon saffron threads"
148,"1 cup diced oil-packed sun-dried tomatoes, plus 1 tablespoon oil from jar"
148,"1 pound boneless skinless chicken breast halves, cut into 2-inch pieces"
148,"1 bunch broccoli rabe, chopped"
148,"1/2 cup sliced pitted black olives"
148,"1/4 cup water"
148,"Salt"
148,"Freshly ground black pepper"
148,"1/3 cup crumbled feta cheese"
149,"1 loaf store bought frosted or unfrosted cinnamon raisin bread, unsliced"
149,"1/2 stick butter, softened"
149,"1 can sweetened condensed or reduced fat sweetened condensed milk"
149,"2 jiggers brandy"
149,"Whipped cream in spray top canister from your dairy aisle"
149,"Ground or grated nutmeg, for garnish"