"id","name","source"
0,"""16 Bean"" Pasta E Fagioli","https://www.foodnetwork.com/recipes/ina-garten/16-bean-pasta-e-fagioli-3612570"
1,"""16 Bean"" Pasta e Fagioli","https://www.foodnetwork.com/recipes/ina-garten/16-bean-pasta-e-fagioli-1-3753755"
2,"""21"" Apple Pie","https://www.foodnetwork.com/recipes/21-apple-pie-recipe-1925900"
3,"'21' Traditional Hash Brown Potatoes","https://www.foodnetwork.com/recipes/21-traditional-hash-brown-potatoes-1963787"
4,"1 S'more for the Road and Kiddie S'mores","https://www.foodnetwork.com/recipes/jeff-mauro/1-smore-for-the-road-and-kiddie-smores-recipe-2033028"
5,"1-2-3 Jambalaya","https://www.foodnetwork.com/recipes/1-2-3-jambalaya-3362411"
6,"1-2-3 Lasagna","https://www.foodnetwork.com/recipes/1-2-3-lasagna-3644969"
7,"1-Step Chipotle Hummus","https://www.foodnetwork.com/recipes/1-step-chipotle-hummus-3416679"
8,"10 Minute Apple Sauce","https://www.foodnetwork.com/recipes/alton-brown/10-minute-apple-sauce-recipe-1950796"
9,"10 Minute Apple Sauce","https://www.foodnetwork.com/recipes/alton-brown/10-minute-apple-sauce-recipe2-1938289"
10,"10 Minute Fruit Tart","https://www.foodnetwork.com/recipes/rachael-ray/10-minute-fruit-tart-recipe-1941411"
11,"10,000 Island Dressing with Layered Salad","https://www.foodnetwork.com/recipes/guy-fieri/10000-island-dressing-with-layered-salad-recipe-1920098"
12,"10-Minute Arrabbiata Sauce","https://www.foodnetwork.com/recipes/10-minute-arrabbiata-sauce-2103668"
13,"10-Minute Beef-and-Beet Salad with Horseradish Dressing","https://www.foodnetwork.com/recipes/food-network-kitchen/10-minute-beef-and-beet-salad-with-horseradish-dressing-3363096"
14,"10-Minute Chicken, Corn and Kimchi Ramen","https://www.foodnetwork.com/recipes/food-network-kitchen/10-minute-chicken-corn-and-kimchi-ramen-3363134"
15,"10-Minute Green Gazpacho and Smoky Quesadilla","https://www.foodnetwork.com/recipes/food-network-kitchen/10-minute-green-gazpacho-and-smoky-quesadilla-3363248"
16,"10-Minute Ham, White Bean and Kale Salad","https://www.foodnetwork.com/recipes/food-network-kitchen/10-minute-ham-white-bean-and-kale-salad-3362893"
17,"10-Minute Ice Cream Pops","https://www.foodnetwork.com/recipes/food-network-kitchen/10-minute-ice-cream-pops-3666655"
18,"10-Minute White Bean Soup with Toasted Cheese and Tomato","https://www.foodnetwork.com/recipes/food-network-kitchen/10-minute-white-bean-soup-with-toasted-cheese-and-tomato-3362867"
19,"10-Minute White Pizza","https://www.foodnetwork.com/recipes/rachael-ray/10-minute-white-pizza-recipe-1912206"
20,"10-inch French Meat Pie","https://www.foodnetwork.com/recipes/10-inch-french-meat-pie-recipe-1949403"
21,"100-Calorie Ham and Cheese Individual Frittatas","https://www.foodnetwork.com/recipes/100-calorie-ham-and-cheese-individual-frittatas-3416166"
22,"1000 Calorie Beef Wellington","https://www.foodnetwork.com/recipes/1000-calorie-beef-wellington-1939256"
23,"109 Chestnut Chicken Sandwich","https://www.foodnetwork.com/recipes/109-chestnut-chicken-sandwich-5185146"
24,"11-Carton Cake","https://www.foodnetwork.com/recipes/ree-drummond/11-carton-cake-5399500"
25,"123 Asian Dressing","https://www.foodnetwork.com/recipes/jeff-mauro/123-asian-dressing-3470809"
26,"14 Layer Bars","https://www.foodnetwork.com/recipes/aaron-mccargo-jr/14-layer-bars-recipe-1940626"
27,"15 Minute Green Veggie Breakfast Tacos","https://www.foodnetwork.com/recipes/15-minute-green-veggie-breakfast-tacos-3414710"
28,"15-Minute Asian Rice Salad","https://www.foodnetwork.com/recipes/food-network-kitchen/15-minute-asian-rice-salad-3362993"
29,"15-Minute Bean, Egg and Avocado Tostadas","https://www.foodnetwork.com/recipes/food-network-kitchen/15-minute-bean-egg-and-avocado-tostadas-3362981"
30,"15-Minute Broiled Salmon and Broccoli","https://www.foodnetwork.com/recipes/food-network-kitchen/15-minute-broiled-salmon-and-broccoli-3676438"
31,"15-Minute Cheesy Polenta with Chunky Tomato Ragu","https://www.foodnetwork.com/recipes/food-network-kitchen/15-minute-cheesy-polenta-with-chunky-tomato-ragu-3676444"
32,"15-Minute Chicken Scaloppini with Artichokes","https://www.foodnetwork.com/recipes/food-network-kitchen/15-minute-chicken-scaloppini-with-artichokes-3676435"
33,"15-Minute Chicken, Rice and Grape Salad","https://www.foodnetwork.com/recipes/food-network-kitchen/15-minute-chicken-rice-and-grape-salad-3363103"
34,"15-Minute Grilled Skirt Steak with Pesto Butter","https://www.foodnetwork.com/recipes/food-network-kitchen/15-minute-grilled-skirt-steak-with-pesto-butter-3676443"
35,"15-Minute Indian Curry with Chicken and Peas","https://www.foodnetwork.com/recipes/food-network-kitchen/15-minute-indian-curry-with-chicken-and-peas-3676442"
36,"15-Minute Meatloaf Melts","https://www.foodnetwork.com/recipes/food-network-kitchen/15-minute-meat-loaf-melts-3362996"
37,"15-Minute Shrimp Tacos with Spicy Chipotle Slaw","https://www.foodnetwork.com/recipes/food-network-kitchen/15-minute-shrimp-tacos-with-spicy-chipotle-slaw-3676441"
38,"15-Minute Stir-fried Steak Tacos","https://www.foodnetwork.com/recipes/food-network-kitchen/15-minute-stir-fried-steak-tacos-3362965"
39,"15-Minute Tofu and Vegetable Stir-Fry","https://www.foodnetwork.com/recipes/food-network-kitchen/15-minute-tofu-and-vegetable-stir-fry-3676440"
40,"16 Min-estrone","https://www.foodnetwork.com/recipes/ree-drummond/16-min-estrone-5617669"
41,"16-Minute Greek Feast To Go","https://www.foodnetwork.com/recipes/ree-drummond/16-minute-greek-feast-to-go-3355691"
42,"1770 House Meatloaf","https://www.foodnetwork.com/recipes/1770-house-meatloaf-recipe-2012775"
43,"1770 House Meatloaf","https://www.foodnetwork.com/recipes/ina-garten/1770-house-meatloaf-recipe-2109034"
44,"18th Century recipes for Onion Pie and French Canadian Pea Soup","https://www.foodnetwork.com/recipes/18th-century-recipes-for-onion-pie-and-french-canadian-pea-soup-recipe-1939999"
45,"1905 Salad","https://www.foodnetwork.com/recipes/bobby-flay/1905-salad-recipe-1910304"
46,"1946 Apple Buckwheat Pancakes","https://www.foodnetwork.com/recipes/1946-apple-buckwheat-pancakes-recipe-1913312"
47,"19th Hole Nectarines with Lemon Cream","https://www.foodnetwork.com/recipes/robert-irvine/19th-hole-nectarines-with-lemon-cream-recipe-1949689"
48,"2 Alarm Tofu Dip","https://www.foodnetwork.com/recipes/2-alarm-tofu-dip-recipe-1965139"
49,"2 Terrific Salad Sides: 3 Bean Salad and Potato Salad with Sweet Red Pepper and Onion","https://www.foodnetwork.com/recipes/2-terrific-salad-sides-3-bean-salad-and-potato-salad-with-sweet-red-pepper-and-onion-recipe-1940761"
50,"2 Tomato Basil Bruschettas","https://www.foodnetwork.com/recipes/2-tomato-basil-bruschettas-recipe-1965152"
51,"2 for 1 Pork and Ginger Potstickers","https://www.foodnetwork.com/recipes/2-for-1-pork-and-ginger-potstickers-recipe-1965036"
52,"2 in 1 Gravy and Sausage-Stuffed Stuffing","https://www.foodnetwork.com/recipes/aaron-mccargo-jr/2-in-1-gravy-and-sausage-stuffed-stuffing-recipe-1949121"
53,"2-Step Potato-Chorizo Hors d'Oeuvres","https://www.foodnetwork.com/recipes/2-step-potato-chorizo-hors-doeuvres-recipe-1970880"
54,"2-Tier Lemon Raspberry Cake","https://www.foodnetwork.com/recipes/sandra-lee/2-tier-lemon-raspberry-cake-recipe-2047108"
55,"2-Timing Lobster Deviled Eggs","https://www.foodnetwork.com/recipes/2-timing-lobster-deviled-eggs-recipe-1965028"
56,"2-for-Tea Individual Yorkshire Puddings with Rare Roast Beef","https://www.foodnetwork.com/recipes/2-for-tea-individual-yorkshire-puddings-with-rare-roast-beef-recipe-1965163"
57,"2-to-Tango Oysters on the Half Shell","https://www.foodnetwork.com/recipes/2-to-tango-oysters-on-the-half-shell-recipe-1970842"
58,"20 Clove Brisket","https://www.foodnetwork.com/recipes/sunny-anderson/20-clove-brisket-recipe-2103428"
59,"20 Clove of Garlic Roasted Game Hens","https://www.foodnetwork.com/recipes/20-clove-of-garlic-roasted-game-hens-1938961"
60,"20 Cloves of Garlic Roasted Game Hens","https://www.foodnetwork.com/recipes/20-cloves-of-garlic-roasted-game-hens-1965031"
61,"20-Minute Bolognese","https://www.foodnetwork.com/recipes/20-minute-bolognese-3416694"
62,"20-Minute Chicken Cutlets with Charred Escarole Salad","https://www.foodnetwork.com/recipes/food-network-kitchen/20-minute-chicken-cutlets-with-charred-escarole-salad-3362742"
63,"20-Minute Chicken Thighs and Couscous with Dill","https://www.foodnetwork.com/recipes/food-network-kitchen/20-minute-chicken-thighs-and-couscous-with-feta-and-dill-3362737"
64,"20-Minute Crispy Pierogies with Broccoli and Sausage","https://www.foodnetwork.com/recipes/food-network-kitchen/20-minute-crispy-pierogies-with-broccoli-and-sausage-3363184"
65,"20-Minute Grilled Pizza with Smoked Salmon and Mixed Greens","https://www.foodnetwork.com/recipes/food-network-kitchen/20-minute-grilled-pizza-with-smoked-salmon-and-mixed-greens-3362670"
66,"20-Minute Hoisin Skillet Salmon","https://www.foodnetwork.com/recipes/food-network-kitchen/20-minute-hoisin-skillet-salmon-recipe-2040831"
67,"20-Minute Shrimp and Couscous With Yogurt-Hummus Sauce","https://www.foodnetwork.com/recipes/food-network-kitchen/20-minute-shrimp-and-couscous-with-yogurt-hummus-sauce-recipe-2120505"
68,"20-Minute Shrimp and Grits with Peas and Butter Sauce","https://www.foodnetwork.com/recipes/food-network-kitchen/20-minute-shrimp-and-grits-with-peas-and-butter-sauce-3362939"
69,"21 Burger","https://www.foodnetwork.com/recipes/sandra-lee/21-burger-recipe-1948116"
70,"221 Meat Loaf","https://www.foodnetwork.com/recipes/221-meat-loaf-recipe-1940945"
71,"24 Inches of Eggplant","https://www.foodnetwork.com/recipes/jeff-mauro/24-inches-of-eggplant-3230076"
72,"24 Karrot Gold Cupcakes","https://www.foodnetwork.com/recipes/24-karrot-gold-cupcakes-recipe-1923043"
73,"25-Minute Cheesy Sausage and Butternut Squash Casserole","https://www.foodnetwork.com/recipes/food-network-kitchen/25-minute-cheesy-sausage-and-butternut-squash-casserole-3362813"
74,"25-Minute Cod with Lentils","https://www.foodnetwork.com/recipes/food-network-kitchen/25-minute-cod-with-lentils-3363037"
75,"25-Minute Flank Steak with Charred Vidalia Onion Salad","https://www.foodnetwork.com/recipes/food-network-kitchen/25-minute-flank-steak-with-charred-vidalia-onion-salad-3363094"
76,"25-Minute Grilled Pork Chops with Succotash","https://www.foodnetwork.com/recipes/food-network-kitchen/25-minute-grilled-pork-chops-with-succotash-3362932"
77,"25-Minute Unstuffed Pork Chops","https://www.foodnetwork.com/recipes/food-network-kitchen/25-minute-unstuffed-pork-chops-3362760"
78,"3 Meat, 3 Bean, 3 Chili Chili","https://www.foodnetwork.com/recipes/ree-drummond/3-meat-3-bean-3-chili-chili-4708868"
79,"3 Mix-Ins to Customize Store-Bought Gelato","https://www.foodnetwork.com/recipes/michael-chiarello/3-mix-ins-to-customize-store-bought-gelato-recipe-2040261"
80,"3 Pea Fried Rice","https://www.foodnetwork.com/recipes/3-pea-fried-rice-recipe-1920247"
81,"3 Pepper Lobster Stir-fry","https://www.foodnetwork.com/recipes/3-pepper-lobster-stir-fry-recipe-1913460"
82,"3 Tasty Tapas: Sherry-Garlic Beef, Sherry-Garlic Mushrooms, Grilled Chorizo","https://www.foodnetwork.com/recipes/rachael-ray/3-tasty-tapas-sherry-garlic-beef-sherry-garlic-mushrooms-grilled-chorizo-recipe-1942324"
83,"3-Bean Salad with Lemon Vinaigrette","https://www.foodnetwork.com/recipes/trisha-yearwood/3-bean-salad-with-lemon-vinaigrette-3865260"
84,"3-Cheese Macaroni and Cheese","https://www.foodnetwork.com/recipes/3-cheese-macaroni-and-cheese-recipe-1948199"
85,"3-Cheese Slow Cooker Macaroni and Cheese","https://www.foodnetwork.com/recipes/3-cheese-slow-cooker-macaroni-and-cheese-recipe-2105487"
86,"3-Cheese and Herb Garlic Bread","https://www.foodnetwork.com/recipes/nancy-fuller/3-cheese-and-herb-garlic-bread-3557725"
87,"3-Color Salad with Maple Vinaigrette","https://www.foodnetwork.com/recipes/3-color-salad-with-maple-vinaigrette-recipe-2012003"
88,"3-D Dog Cake","https://www.foodnetwork.com/recipes/3-d-dog-cake-3521760"
89,"3-Ingredient Banana Icebox Cake","https://www.foodnetwork.com/recipes/food-network-kitchen/3-ingredient-banana-icebox-cake-3363782"
90,"3-Ingredient Banana Petit Fours","https://www.foodnetwork.com/recipes/food-network-kitchen/3-ingredient-banana-petit-fours-3363589"
91,"3-Ingredient Banana Pudding","https://www.foodnetwork.com/recipes/food-network-kitchen/3-ingredient-banana-pudding-3363475"
92,"3-Ingredient Banana, Raspberry and Coconut ""Ice Cream""","https://www.foodnetwork.com/recipes/food-network-kitchen/3-ingredient-banana-raspberry-and-coconut-ice-cream-3363425"
93,"3-Ingredient Gluten-Free Banana Pancakes","https://www.foodnetwork.com/recipes/food-network-kitchen/3-ingredient-gluten-free-banana-pancakes-3363581"
94,"3-Layer Sour Cream Cake with Cream Cheese Frosting","https://www.foodnetwork.com/recipes/anne-burrell/3-layer-sour-cream-cake-with-cream-cheese-frosting-5424407"
95,"3-Peppercorn Bison with Tennessee Whiskey Sauce","https://www.foodnetwork.com/recipes/3-peppercorn-bison-with-tennessee-whiskey-sauce-recipe-1951708"
96,"3-Salad Chef's Salad Plate","https://www.foodnetwork.com/recipes/rachael-ray/3-salad-chefs-salad-plate-5639192"
97,"3-Shot Cocktail (""Bandera and Sangrita"")","https://www.foodnetwork.com/recipes/marcela-valladolid/3-shot-cocktail-bandera-and-sangrita-recipe-2172318"
98,"3-Way Onion Burger with Applewood Bacon and Aged Smoked Cheddar on Kaiser Roll","https://www.foodnetwork.com/recipes/3-way-onion-burger-with-applewood-bacon-and-aged-smoked-cheddar-on-kaiser-roll-recipe-2014178"
99,"3-in-1 Sugar Cookies","https://www.foodnetwork.com/recipes/food-network-kitchen/3-in-1-sugar-cookies-recipe-1928137"
100,"30 - Minute Chili","https://www.foodnetwork.com/recipes/30-minute-chili-recipe-2108794"
101,"30 Minute Garlic-Parsley Chicken-Under-a-Brick","https://www.foodnetwork.com/recipes/rachael-ray/30-minute-garlic-parsley-chicken-under-a-brick-recipe-1952352"
102,"30 Minute Shepherd's Pie","https://www.foodnetwork.com/recipes/rachael-ray/30-minute-shepherds-pie-recipe-1913518"
103,"30 Minute Shepherd's Pie","https://www.foodnetwork.com/recipes/rachael-ray/30-minute-shepherds-pie-recipe2-1956652"
104,"30 Minute Southern Classic: Country Captain Chicken","https://www.foodnetwork.com/recipes/rachael-ray/30-minute-southern-classic-country-captain-chicken-recipe-2013490"
105,"30-Mile Pot Pie","https://www.foodnetwork.com/recipes/30-mile-pot-pie-recipe-1942654"
106,"30-Minute Chili","https://www.foodnetwork.com/recipes/30-minute-chili-3416182"
107,"30-Minute Chili","https://www.foodnetwork.com/recipes/30-minute-chili0-3416482"
108,"30-Minute Cod with Lemony Braised Fennel","https://www.foodnetwork.com/recipes/food-network-kitchen/30-minute-cod-with-lemony-braised-fennel-3362795"
109,"30-Minute Coq au Vin","https://www.foodnetwork.com/recipes/food-network-kitchen/30-minute-coq-au-vin-3362586"
110,"30-Minute Grilled Chicken Thighs with Watermelon and Feta Salad","https://www.foodnetwork.com/recipes/food-network-kitchen/30-minute-grilled-chicken-thighs-with-watermelon-and-feta-salad-3362885"
111,"30-Minute Pan-Seared Salmon with Baby Bok Choy and Shiitake Mushrooms","https://www.foodnetwork.com/recipes/food-network-kitchen/30-minute-pan-seared-salmon-with-baby-bok-choy-and-shiitake-mushrooms-3362897"
112,"30-Minute Roasted Pork with Grapes and Couscous","https://www.foodnetwork.com/recipes/food-network-kitchen/30-minute-roasted-pork-with-grapes-and-couscous-3362775"
113,"30-Minute Spicy Pork and Sweet Potato Stew","https://www.foodnetwork.com/recipes/food-network-kitchen/30-minute-spicy-pork-and-sweet-potato-stew-3362961"
114,"30-Minute Turkey Chili","https://www.foodnetwork.com/recipes/30-minute-turkey-chili-2105986"
115,"30-Minute Turkey Chili","https://www.foodnetwork.com/recipes/food-network-kitchen/30-minute-turkey-chili-recipe-2009060"
116,"30-Second Chocolate Cake","https://www.foodnetwork.com/recipes/30-second-chocolate-cake-2010435"
117,"36 individual puddings","https://www.foodnetwork.com/recipes/36-individual-puddings-1911027"
118,"4 Cheese Souffle","https://www.foodnetwork.com/recipes/paula-deen/4-cheese-souffle-recipe-1946285"
119,"4 Cheese Stuffed Shells","https://www.foodnetwork.com/recipes/rachael-ray/4-cheese-stuffed-shells-recipe-1913472"
120,"4 Layer Cheesecake","https://www.foodnetwork.com/recipes/4-layer-cheesecake-recipe-2126532"
121,"4 Minute Spicy Garlic Shrimp","https://www.foodnetwork.com/recipes/rachael-ray/4-minute-spicy-garlic-shrimp-recipe-1915190"
122,"4# Apple Pie","https://www.foodnetwork.com/recipes/4-apple-pie-recipe-2115535"
123,"4-Bean Relish","https://www.foodnetwork.com/recipes/guy-fieri/4-bean-relish-recipe-1952603"
124,"4-Cheese Mac and Cheese with Spicy Chili Crust","https://www.foodnetwork.com/recipes/4-cheese-mac-and-cheese-with-spicy-chili-crust-recipe-1944894"
125,"4-Flavor Ice Cube Tray Appetizers","https://www.foodnetwork.com/recipes/food-network-kitchen/4-flavor-ice-cube-tray-appetizers-5238243"
126,"4-Hour Lamb","https://www.foodnetwork.com/recipes/ina-garten/4-hour-lamb-recipe-2105155"
127,"4-Ingredient Blueberry Pie","https://www.foodnetwork.com/recipes/food-network-kitchen/4-ingredient-blueberry-pie-3364545"
128,"4-Ingredient Coconut-Lime Pie","https://www.foodnetwork.com/recipes/food-network-kitchen/4-ingredient-coconut-lime-pie-3364946"
129,"4-Ingredient Cookies and Cream Pie","https://www.foodnetwork.com/recipes/food-network-kitchen/4-ingredient-cookies-and-cream-pie-3364950"
130,"4-Ingredient Frozen Lemonade Pie","https://www.foodnetwork.com/recipes/food-network-kitchen/4-ingredient-frozen-lemonade-pie-3365016"
131,"4-Ingredient Peaches and Cream Pie","https://www.foodnetwork.com/recipes/food-network-kitchen/4-ingredient-peaches-and-cream-pie-3364851"
132,"4-Ingredient Peanut Butter-Strawberry Ice Cream Pie","https://www.foodnetwork.com/recipes/food-network-kitchen/4-ingredient-peanut-butter-strawberry-ice-cream-pie-3364663"
133,"4-Ingredient S'mores Pie","https://www.foodnetwork.com/recipes/food-network-kitchen/4-ingredient-smores-pie-3364596"
134,"4-Pepper Deviled Eggs","https://www.foodnetwork.com/recipes/alton-brown/4-pepper-deviled-eggs-recipe-1917393"
135,"4-Square Family Pizza","https://www.foodnetwork.com/recipes/4-square-family-pizza-recipe-2010434"
136,"4-Step Chicken Marengo","https://www.foodnetwork.com/recipes/melissa-darabian/4-step-chicken-marengo-recipe-1949194"
137,"40 Cloves and a Chicken","https://www.foodnetwork.com/recipes/alton-brown/40-cloves-and-a-chicken-recipe-1910661"
138,"40-Cloves-of-Garlic Chicken Alfredo","https://www.foodnetwork.com/recipes/food-network-kitchen/40-clove-of-garlic-chicken-alfredo-5435381"
139,"40-Second Omelet","https://www.foodnetwork.com/recipes/40-second-omelet-recipe-2011135"
140,"40/40 Martini","https://www.foodnetwork.com/recipes/4040-martini-2109582"
141,"44646","https://www.foodnetwork.com/recipes/44646-2121709"
142,"4th of July Berry Tart","https://www.foodnetwork.com/recipes/4th-of-july-berry-tart-2108000"
143,"5 Alarm Sauce","https://www.foodnetwork.com/recipes/5-alarm-sauce-recipe-1925323"
144,"5 Bean Chili","https://www.foodnetwork.com/recipes/5-bean-chili-3644530"
145,"5 Bean Chili","https://www.foodnetwork.com/recipes/sandra-lee/5-bean-chili-recipe-1945302"
146,"5 Ingredient Bacon Burgers with Cheddar and Red Onion with Parmesan Popcorn Black-Eyed Peas","https://www.foodnetwork.com/recipes/robin-miller/5-ingredient-bacon-burgers-with-cheddar-and-red-onion-with-parmesan-popcorn-black-eyed-peas-recipe-1937266"
147,"5 Ingredient Pan-Seared Halibut with Artichoke Hearts and Saffron Broth","https://www.foodnetwork.com/recipes/robin-miller/5-ingredient-pan-seared-halibut-with-artichoke-hearts-and-saffron-broth-recipe-1937670"
148,"5 Ingredient Sauteed Chicken and Broccoli Rabe with Black Olives, Sundried Tomatoes and Feta","https://www.foodnetwork.com/recipes/robin-miller/5-ingredient-sauteed-chicken-and-broccoli-rabe-with-black-olives-sundried-tomatoes-and-feta-recipe-2013064"
149,"5 Minute Bread Pudding","https://www.foodnetwork.com/recipes/rachael-ray/5-minute-bread-pudding-recipe-1940874"